date,CPI level,city
2018-01-01,97.2352935868,COBIJA
2018-02-01,97.8296475378,COBIJA
2018-03-01,98.9716067136,COBIJA
2018-04-01,98.8843861761,COBIJA
2018-05-01,99.0922023054,COBIJA
2018-06-01,99.4574136257,COBIJA
2018-07-01,99.5654526076,COBIJA
2018-08-01,100.0160469089,COBIJA
2018-09-01,99.9585360318,COBIJA
2018-10-01,99.332933884,COBIJA
2018-11-01,99.845800945,COBIJA
2018-12-01,99.8551961402,COBIJA
2019-01-01,100.0527774923,COBIJA
2019-02-01,100.2398599871,COBIJA
2019-03-01,100.4649543218,COBIJA
2019-04-01,100.6707227609,COBIJA
2019-05-01,100.7177579156,COBIJA
2019-06-01,100.6629377625,COBIJA
2019-07-01,100.7777804669,COBIJA
2019-08-01,100.8528097169,COBIJA
2019-09-01,100.8048050139,COBIJA
2019-10-01,100.763099098,COBIJA
2019-11-01,101.4406080246,COBIJA
2019-12-01,101.3019350058,COBIJA
2020-01-01,101.4235598252,COBIJA
2020-02-01,101.5001529289,COBIJA
2020-03-01,102.0014707612,COBIJA
2020-04-01,103.4181223201,COBIJA
2020-05-01,103.5217966459,COBIJA
2020-06-01,103.6913953256,COBIJA
2020-07-01,103.3400835359,COBIJA
2020-08-01,102.8321152866,COBIJA
2020-09-01,102.9885040718,COBIJA
2020-10-01,102.7705543644,COBIJA
2020-11-01,102.8070176479,COBIJA
2020-12-01,102.7470117434,COBIJA
2021-01-01,103.4596131014,COBIJA
2021-02-01,104.1142745062,COBIJA
2021-03-01,105.0238328628,COBIJA
2021-04-01,105.2119987482,COBIJA
2021-05-01,104.8653505034,COBIJA
2021-06-01,105.0719171467,COBIJA
2021-07-01,105.503189,COBIJA
2021-08-01,105.4438210141,COBIJA
2021-09-01,105.940232166,COBIJA
2021-10-01,106.9828891153,COBIJA
2021-11-01,107.0119937524,COBIJA
2021-12-01,106.8664643941,COBIJA
2022-01-01,107.0447076361,COBIJA
2022-02-01,106.9297813722,COBIJA
2022-03-01,107.2220938679,COBIJA
2022-04-01,107.6418822365,COBIJA
2022-05-01,107.647943808,COBIJA
2022-06-01,107.3592251458,COBIJA
2022-07-01,107.4845666479,COBIJA
2022-08-01,107.4336600201,COBIJA
2022-09-01,107.7621982305,COBIJA
2022-10-01,107.9585054278,COBIJA
2022-11-01,108.1034865,COBIJA
2022-12-01,108.5005651993,COBIJA
2023-01-01,108.9275746799,COBIJA
2023-02-01,109.4109279461,COBIJA
2023-03-01,108.9060297958,COBIJA
2023-04-01,108.9707509782,COBIJA
2023-05-01,108.659407155,COBIJA
2023-06-01,109.058022013,COBIJA
2023-07-01,109.1452962,COBIJA
2023-08-01,109.0521514364,COBIJA
2023-09-01,109.1138611258,COBIJA
2023-10-01,108.5768444081,COBIJA
2023-11-01,108.8319966,COBIJA
2023-12-01,108.8622648614,COBIJA
2024-01-01,108.8191723382,COBIJA
2024-02-01,109.0000244,COBIJA
2024-03-01,111.0226110141,COBIJA
2024-04-01,111.7802791235,COBIJA
2024-05-01,112.0659626527,COBIJA
2024-06-01,112.838758732,COBIJA
2024-07-01,112.9571567675,COBIJA
2024-08-01,115.4391690656,COBIJA
2024-09-01,116.967878145,COBIJA
2024-10-01,118.0683110333,COBIJA
2024-11-01,120.8301850694,COBIJA
2024-12-01,123.8740512619,COBIJA
2025-01-01,124.9408220249,COBIJA
2025-02-01,125.924455629,COBIJA
2025-03-01,128.1492775835,COBIJA
2025-04-01,129.5506750026,COBIJA
2025-05-01,135.301612344,COBIJA
2025-06-01,144.4684172313,COBIJA
2025-07-01,148.0561144668,COBIJA
2025-08-01,148.0341100703,COBIJA
2025-09-01,148.4330333527,COBIJA
2025-10-01,147.090093323,COBIJA
2025-11-01,146.6001600954,COBIJA
2025-12-01,146.5834711294,COBIJA
2026-01-01,148.6624792562,COBIJA
2026-02-01,149.214925594,COBIJA
2026-03-01,149.1042636144,COBIJA
2026-04-01,149.0642580735,COBIJA
2026-05-01,150.623754998,COBIJA
2018-01-01,102.1480013764,CONURBACIÓN LA PAZ
2018-02-01,102.5608327051,CONURBACIÓN LA PAZ
2018-03-01,102.3388251652,CONURBACIÓN LA PAZ
2018-04-01,102.2357493402,CONURBACIÓN LA PAZ
2018-05-01,102.4450319211,CONURBACIÓN LA PAZ
2018-06-01,102.6236278764,CONURBACIÓN LA PAZ
2018-07-01,102.7027025383,CONURBACIÓN LA PAZ
2018-08-01,102.9404968979,CONURBACIÓN LA PAZ
2018-09-01,102.9615341276,CONURBACIÓN LA PAZ
2018-10-01,103.0880435192,CONURBACIÓN LA PAZ
2018-11-01,103.4170193159,CONURBACIÓN LA PAZ
2018-12-01,103.7301368468,CONURBACIÓN LA PAZ
2019-01-01,103.9552504593,CONURBACIÓN LA PAZ
2019-02-01,103.8609285074,CONURBACIÓN LA PAZ
2019-03-01,103.8078468432,CONURBACIÓN LA PAZ
2019-04-01,103.8180240651,CONURBACIÓN LA PAZ
2019-05-01,104.2775180073,CONURBACIÓN LA PAZ
2019-06-01,104.4473153935,CONURBACIÓN LA PAZ
2019-07-01,104.6373806681,CONURBACIÓN LA PAZ
2019-08-01,104.9354343528,CONURBACIÓN LA PAZ
2019-09-01,105.0659737688,CONURBACIÓN LA PAZ
2019-10-01,105.3428279596,CONURBACIÓN LA PAZ
2019-11-01,107.9631974245,CONURBACIÓN LA PAZ
2019-12-01,105.9826806574,CONURBACIÓN LA PAZ
2020-01-01,105.8952789022,CONURBACIÓN LA PAZ
2020-02-01,105.6197291556,CONURBACIÓN LA PAZ
2020-03-01,105.8183224968,CONURBACIÓN LA PAZ
2020-04-01,106.2013590909,CONURBACIÓN LA PAZ
2020-05-01,105.9390796162,CONURBACIÓN LA PAZ
2020-06-01,106.6092607507,CONURBACIÓN LA PAZ
2020-07-01,106.9883719475,CONURBACIÓN LA PAZ
2020-08-01,108.5328539919,CONURBACIÓN LA PAZ
2020-09-01,106.971443282,CONURBACIÓN LA PAZ
2020-10-01,106.9915977299,CONURBACIÓN LA PAZ
2020-11-01,106.6030120331,CONURBACIÓN LA PAZ
2020-12-01,106.8146713069,CONURBACIÓN LA PAZ
2021-01-01,107.1397927615,CONURBACIÓN LA PAZ
2021-02-01,107.3171347838,CONURBACIÓN LA PAZ
2021-03-01,107.1939494268,CONURBACIÓN LA PAZ
2021-04-01,107.1507561166,CONURBACIÓN LA PAZ
2021-05-01,106.8693104298,CONURBACIÓN LA PAZ
2021-06-01,106.9095372739,CONURBACIÓN LA PAZ
2021-07-01,107.0199302,CONURBACIÓN LA PAZ
2021-08-01,107.5188336672,CONURBACIÓN LA PAZ
2021-09-01,107.4714257925,CONURBACIÓN LA PAZ
2021-10-01,107.4271970204,CONURBACIÓN LA PAZ
2021-11-01,107.5247209781,CONURBACIÓN LA PAZ
2021-12-01,107.8155968897,CONURBACIÓN LA PAZ
2022-01-01,107.9115448652,CONURBACIÓN LA PAZ
2022-02-01,108.042197693,CONURBACIÓN LA PAZ
2022-03-01,108.1107431268,CONURBACIÓN LA PAZ
2022-04-01,108.218895618,CONURBACIÓN LA PAZ
2022-05-01,108.4411258216,CONURBACIÓN LA PAZ
2022-06-01,108.8157244745,CONURBACIÓN LA PAZ
2022-07-01,109.3101600134,CONURBACIÓN LA PAZ
2022-08-01,109.4181035756,CONURBACIÓN LA PAZ
2022-09-01,109.4737881076,CONURBACIÓN LA PAZ
2022-10-01,110.015993795,CONURBACIÓN LA PAZ
2022-11-01,110.5776181,CONURBACIÓN LA PAZ
2022-12-01,110.74633217,CONURBACIÓN LA PAZ
2023-01-01,111.4043369617,CONURBACIÓN LA PAZ
2023-02-01,110.8779650633,CONURBACIÓN LA PAZ
2023-03-01,110.9411444424,CONURBACIÓN LA PAZ
2023-04-01,111.2044518833,CONURBACIÓN LA PAZ
2023-05-01,111.7285137528,CONURBACIÓN LA PAZ
2023-06-01,111.9325131039,CONURBACIÓN LA PAZ
2023-07-01,112.380421,CONURBACIÓN LA PAZ
2023-08-01,113.2808289757,CONURBACIÓN LA PAZ
2023-09-01,113.3369131575,CONURBACIÓN LA PAZ
2023-10-01,113.3923229749,CONURBACIÓN LA PAZ
2023-11-01,113.2368201,CONURBACIÓN LA PAZ
2023-12-01,113.7330980433,CONURBACIÓN LA PAZ
2024-01-01,113.909133465,CONURBACIÓN LA PAZ
2024-02-01,114.2558147,CONURBACIÓN LA PAZ
2024-03-01,114.6062895843,CONURBACIÓN LA PAZ
2024-04-01,115.1301781967,CONURBACIÓN LA PAZ
2024-05-01,115.5379058681,CONURBACIÓN LA PAZ
2024-06-01,116.2708799949,CONURBACIÓN LA PAZ
2024-07-01,116.8537761879,CONURBACIÓN LA PAZ
2024-08-01,119.2185583137,CONURBACIÓN LA PAZ
2024-09-01,120.107716925,CONURBACIÓN LA PAZ
2024-10-01,122.2213709427,CONURBACIÓN LA PAZ
2024-11-01,124.2849446556,CONURBACIÓN LA PAZ
2024-12-01,125.2258466271,CONURBACIÓN LA PAZ
2025-01-01,127.222419341,CONURBACIÓN LA PAZ
2025-02-01,128.506905362,CONURBACIÓN LA PAZ
2025-03-01,131.2118979255,CONURBACIÓN LA PAZ
2025-04-01,132.1870631616,CONURBACIÓN LA PAZ
2025-05-01,137.3832987309,CONURBACIÓN LA PAZ
2025-06-01,146.2032783524,CONURBACIÓN LA PAZ
2025-07-01,146.8209328507,CONURBACIÓN LA PAZ
2025-08-01,148.4309747833,CONURBACIÓN LA PAZ
2025-09-01,148.533013683,CONURBACIÓN LA PAZ
2025-10-01,149.1057985659,CONURBACIÓN LA PAZ
2025-11-01,149.6423697357,CONURBACIÓN LA PAZ
2025-12-01,151.8543889965,CONURBACIÓN LA PAZ
2026-01-01,154.5839116576,CONURBACIÓN LA PAZ
2026-02-01,153.0983175665,CONURBACIÓN LA PAZ
2026-03-01,152.2436773485,CONURBACIÓN LA PAZ
2026-04-01,152.4082574163,CONURBACIÓN LA PAZ
2026-05-01,160.6494086175,CONURBACIÓN LA PAZ
2018-01-01,100.020868947,CONURBACIÓN SANTA CRUZ
2018-02-01,100.5129736159,CONURBACIÓN SANTA CRUZ
2018-03-01,100.4966077003,CONURBACIÓN SANTA CRUZ
2018-04-01,100.3339225804,CONURBACIÓN SANTA CRUZ
2018-05-01,100.3928023911,CONURBACIÓN SANTA CRUZ
2018-06-01,100.4486218403,CONURBACIÓN SANTA CRUZ
2018-07-01,100.379886061,CONURBACIÓN SANTA CRUZ
2018-08-01,100.4657623505,CONURBACIÓN SANTA CRUZ
2018-09-01,100.3453545676,CONURBACIÓN SANTA CRUZ
2018-10-01,100.6087810183,CONURBACIÓN SANTA CRUZ
2018-11-01,100.8037708997,CONURBACIÓN SANTA CRUZ
2018-12-01,101.1314066229,CONURBACIÓN SANTA CRUZ
2019-01-01,101.3088621656,CONURBACIÓN SANTA CRUZ
2019-02-01,101.1079756255,CONURBACIÓN SANTA CRUZ
2019-03-01,101.1167813615,CONURBACIÓN SANTA CRUZ
2019-04-01,101.3050071371,CONURBACIÓN SANTA CRUZ
2019-05-01,101.7122204383,CONURBACIÓN SANTA CRUZ
2019-06-01,101.7389610684,CONURBACIÓN SANTA CRUZ
2019-07-01,101.857951973,CONURBACIÓN SANTA CRUZ
2019-08-01,102.2983662568,CONURBACIÓN SANTA CRUZ
2019-09-01,102.0441066604,CONURBACIÓN SANTA CRUZ
2019-10-01,102.7686547591,CONURBACIÓN SANTA CRUZ
2019-11-01,102.6504973718,CONURBACIÓN SANTA CRUZ
2019-12-01,101.9057964484,CONURBACIÓN SANTA CRUZ
2020-01-01,102.109925538,CONURBACIÓN SANTA CRUZ
2020-02-01,102.3635087894,CONURBACIÓN SANTA CRUZ
2020-03-01,102.3223434193,CONURBACIÓN SANTA CRUZ
2020-04-01,102.7072944819,CONURBACIÓN SANTA CRUZ
2020-05-01,103.2367594719,CONURBACIÓN SANTA CRUZ
2020-06-01,103.3841476671,CONURBACIÓN SANTA CRUZ
2020-07-01,102.9577498259,CONURBACIÓN SANTA CRUZ
2020-08-01,102.7288604846,CONURBACIÓN SANTA CRUZ
2020-09-01,102.3430876727,CONURBACIÓN SANTA CRUZ
2020-10-01,102.7322462782,CONURBACIÓN SANTA CRUZ
2020-11-01,102.6110809491,CONURBACIÓN SANTA CRUZ
2020-12-01,102.9253328939,CONURBACIÓN SANTA CRUZ
2021-01-01,103.3037613629,CONURBACIÓN SANTA CRUZ
2021-02-01,103.6010985453,CONURBACIÓN SANTA CRUZ
2021-03-01,103.5056903049,CONURBACIÓN SANTA CRUZ
2021-04-01,103.625851261,CONURBACIÓN SANTA CRUZ
2021-05-01,103.4797431794,CONURBACIÓN SANTA CRUZ
2021-06-01,103.3820127599,CONURBACIÓN SANTA CRUZ
2021-07-01,103.4491606,CONURBACIÓN SANTA CRUZ
2021-08-01,104.0392035971,CONURBACIÓN SANTA CRUZ
2021-09-01,103.9096493761,CONURBACIÓN SANTA CRUZ
2021-10-01,103.8322358135,CONURBACIÓN SANTA CRUZ
2021-11-01,104.2546466847,CONURBACIÓN SANTA CRUZ
2021-12-01,104.1762186154,CONURBACIÓN SANTA CRUZ
2022-01-01,104.4711423655,CONURBACIÓN SANTA CRUZ
2022-02-01,104.455289815,CONURBACIÓN SANTA CRUZ
2022-03-01,104.618621402,CONURBACIÓN SANTA CRUZ
2022-04-01,104.6584797502,CONURBACIÓN SANTA CRUZ
2022-05-01,105.182702699,CONURBACIÓN SANTA CRUZ
2022-06-01,105.567756245,CONURBACIÓN SANTA CRUZ
2022-07-01,105.822958288,CONURBACIÓN SANTA CRUZ
2022-08-01,105.7771461002,CONURBACIÓN SANTA CRUZ
2022-09-01,105.8076691425,CONURBACIÓN SANTA CRUZ
2022-10-01,107.0072626876,CONURBACIÓN SANTA CRUZ
2022-11-01,107.3587056,CONURBACIÓN SANTA CRUZ
2022-12-01,107.2176857704,CONURBACIÓN SANTA CRUZ
2023-01-01,107.3033207419,CONURBACIÓN SANTA CRUZ
2023-02-01,107.1191795462,CONURBACIÓN SANTA CRUZ
2023-03-01,107.0795470933,CONURBACIÓN SANTA CRUZ
2023-04-01,107.3662063873,CONURBACIÓN SANTA CRUZ
2023-05-01,108.0275629216,CONURBACIÓN SANTA CRUZ
2023-06-01,108.3154139629,CONURBACIÓN SANTA CRUZ
2023-07-01,108.4249723,CONURBACIÓN SANTA CRUZ
2023-08-01,108.4859732599,CONURBACIÓN SANTA CRUZ
2023-09-01,108.4088031877,CONURBACIÓN SANTA CRUZ
2023-10-01,108.2515358644,CONURBACIÓN SANTA CRUZ
2023-11-01,108.2712826,CONURBACIÓN SANTA CRUZ
2023-12-01,109.3084051001,CONURBACIÓN SANTA CRUZ
2024-01-01,109.3519578668,CONURBACIÓN SANTA CRUZ
2024-02-01,109.4315591,CONURBACIÓN SANTA CRUZ
2024-03-01,110.3246812215,CONURBACIÓN SANTA CRUZ
2024-04-01,110.9314897861,CONURBACIÓN SANTA CRUZ
2024-05-01,111.7683247915,CONURBACIÓN SANTA CRUZ
2024-06-01,112.3159140707,CONURBACIÓN SANTA CRUZ
2024-07-01,112.6970445723,CONURBACIÓN SANTA CRUZ
2024-08-01,114.3707381518,CONURBACIÓN SANTA CRUZ
2024-09-01,115.8226660332,CONURBACIÓN SANTA CRUZ
2024-10-01,117.3955944321,CONURBACIÓN SANTA CRUZ
2024-11-01,118.1268931411,CONURBACIÓN SANTA CRUZ
2024-12-01,119.9303867211,CONURBACIÓN SANTA CRUZ
2025-01-01,122.3099433883,CONURBACIÓN SANTA CRUZ
2025-02-01,124.1368146588,CONURBACIÓN SANTA CRUZ
2025-03-01,125.8660689579,CONURBACIÓN SANTA CRUZ
2025-04-01,127.2512324454,CONURBACIÓN SANTA CRUZ
2025-05-01,131.6640707947,CONURBACIÓN SANTA CRUZ
2025-06-01,136.1409529809,CONURBACIÓN SANTA CRUZ
2025-07-01,138.3187740561,CONURBACIÓN SANTA CRUZ
2025-08-01,139.6948548845,CONURBACIÓN SANTA CRUZ
2025-09-01,140.1200371552,CONURBACIÓN SANTA CRUZ
2025-10-01,141.6321216961,CONURBACIÓN SANTA CRUZ
2025-11-01,142.0702646052,CONURBACIÓN SANTA CRUZ
2025-12-01,141.9187817858,CONURBACIÓN SANTA CRUZ
2026-01-01,143.363689468,CONURBACIÓN SANTA CRUZ
2026-02-01,142.4755980401,CONURBACIÓN SANTA CRUZ
2026-03-01,142.2212886576,CONURBACIÓN SANTA CRUZ
2026-04-01,142.726391357,CONURBACIÓN SANTA CRUZ
2026-05-01,142.6117816279,CONURBACIÓN SANTA CRUZ
2018-01-01,101.5486194664,ORURO
2018-02-01,101.2918622275,ORURO
2018-03-01,100.9606626808,ORURO
2018-04-01,101.3676953572,ORURO
2018-05-01,101.2130852965,ORURO
2018-06-01,101.4980932248,ORURO
2018-07-01,101.6390243998,ORURO
2018-08-01,101.6951849382,ORURO
2018-09-01,101.665840326,ORURO
2018-10-01,101.6628320437,ORURO
2018-11-01,102.0964115314,ORURO
2018-12-01,102.5569119524,ORURO
2019-01-01,102.6156844559,ORURO
2019-02-01,102.3743828915,ORURO
2019-03-01,102.3277925838,ORURO
2019-04-01,102.3439165591,ORURO
2019-05-01,103.4135486269,ORURO
2019-06-01,103.6706054516,ORURO
2019-07-01,103.5469334881,ORURO
2019-08-01,104.2380988322,ORURO
2019-09-01,104.3221727785,ORURO
2019-10-01,104.418821239,ORURO
2019-11-01,106.6592781549,ORURO
2019-12-01,103.8949211651,ORURO
2020-01-01,103.3945759933,ORURO
2020-02-01,102.8455985199,ORURO
2020-03-01,102.5114628594,ORURO
2020-04-01,102.0785182577,ORURO
2020-05-01,102.4084502823,ORURO
2020-06-01,103.1893453987,ORURO
2020-07-01,103.7711168562,ORURO
2020-08-01,105.2131629992,ORURO
2020-09-01,103.4276295592,ORURO
2020-10-01,104.1140375684,ORURO
2020-11-01,104.0228926409,ORURO
2020-12-01,103.9747600557,ORURO
2021-01-01,104.390849391,ORURO
2021-02-01,103.8371007148,ORURO
2021-03-01,103.7411443065,ORURO
2021-04-01,103.6927835947,ORURO
2021-05-01,103.8045650233,ORURO
2021-06-01,103.6437015561,ORURO
2021-07-01,103.2268971,ORURO
2021-08-01,103.6201879752,ORURO
2021-09-01,103.6202953746,ORURO
2021-10-01,103.5282271259,ORURO
2021-11-01,103.5799420177,ORURO
2021-12-01,103.5739472038,ORURO
2022-01-01,103.6113146148,ORURO
2022-02-01,103.7480358258,ORURO
2022-03-01,103.5526826859,ORURO
2022-04-01,103.5741420143,ORURO
2022-05-01,104.2313105823,ORURO
2022-06-01,104.4405014646,ORURO
2022-07-01,104.9762848516,ORURO
2022-08-01,105.0911104401,ORURO
2022-09-01,105.6090374235,ORURO
2022-10-01,106.3937831703,ORURO
2022-11-01,107.377758,ORURO
2022-12-01,107.2271957123,ORURO
2023-01-01,107.8291567896,ORURO
2023-02-01,107.3189777561,ORURO
2023-03-01,107.3280643017,ORURO
2023-04-01,107.4483338226,ORURO
2023-05-01,107.8487001526,ORURO
2023-06-01,108.2106453276,ORURO
2023-07-01,108.7260996,ORURO
2023-08-01,109.1720884575,ORURO
2023-09-01,109.2304880739,ORURO
2023-10-01,109.1885595182,ORURO
2023-11-01,109.5975882,ORURO
2023-12-01,110.1918130348,ORURO
2024-01-01,110.330101149,ORURO
2024-02-01,110.7490143,ORURO
2024-03-01,110.0956239165,ORURO
2024-04-01,110.0419722453,ORURO
2024-05-01,110.9179293188,ORURO
2024-06-01,111.9402495346,ORURO
2024-07-01,112.2884847011,ORURO
2024-08-01,113.3260905841,ORURO
2024-09-01,113.9225948161,ORURO
2024-10-01,116.2587448744,ORURO
2024-11-01,119.3110823606,ORURO
2024-12-01,119.7681875316,ORURO
2025-01-01,122.1931857053,ORURO
2025-02-01,123.2082809237,ORURO
2025-03-01,125.3653895702,ORURO
2025-04-01,126.2336090351,ORURO
2025-05-01,129.5682643576,ORURO
2025-06-01,140.5172853325,ORURO
2025-07-01,144.6266884783,ORURO
2025-08-01,146.8236113431,ORURO
2025-09-01,147.6371933096,ORURO
2025-10-01,149.5888998945,ORURO
2025-11-01,150.8419272051,ORURO
2025-12-01,152.2902712891,ORURO
2026-01-01,153.2595053655,ORURO
2026-02-01,152.3727046897,ORURO
2026-03-01,152.0679188374,ORURO
2026-04-01,152.3998620659,ORURO
2026-05-01,154.6395808738,ORURO
2018-01-01,101.9517321973,POTOSÍ
2018-02-01,102.2257868176,POTOSÍ
2018-03-01,102.0298246893,POTOSÍ
2018-04-01,101.4215805079,POTOSÍ
2018-05-01,101.5558173427,POTOSÍ
2018-06-01,102.060735379,POTOSÍ
2018-07-01,102.1768416642,POTOSÍ
2018-08-01,102.1993302593,POTOSÍ
2018-09-01,101.9746601802,POTOSÍ
2018-10-01,102.0369185217,POTOSÍ
2018-11-01,102.4332990381,POTOSÍ
2018-12-01,102.7430011753,POTOSÍ
2019-01-01,102.8349794676,POTOSÍ
2019-02-01,102.7162055919,POTOSÍ
2019-03-01,102.8694234736,POTOSÍ
2019-04-01,102.7836452563,POTOSÍ
2019-05-01,103.2956385014,POTOSÍ
2019-06-01,103.6151964289,POTOSÍ
2019-07-01,103.8095701104,POTOSÍ
2019-08-01,104.4479413102,POTOSÍ
2019-09-01,104.5946193343,POTOSÍ
2019-10-01,105.3374668395,POTOSÍ
2019-11-01,105.4428866712,POTOSÍ
2019-12-01,103.7918620217,POTOSÍ
2020-01-01,103.3671543485,POTOSÍ
2020-02-01,103.2700278859,POTOSÍ
2020-03-01,103.4948434218,POTOSÍ
2020-04-01,104.1137099759,POTOSÍ
2020-05-01,103.7345641538,POTOSÍ
2020-06-01,104.0257356636,POTOSÍ
2020-07-01,104.7712881038,POTOSÍ
2020-08-01,105.6453776013,POTOSÍ
2020-09-01,104.4596186429,POTOSÍ
2020-10-01,104.5003392238,POTOSÍ
2020-11-01,104.4845404116,POTOSÍ
2020-12-01,104.5288454469,POTOSÍ
2021-01-01,104.8630558095,POTOSÍ
2021-02-01,104.91699014,POTOSÍ
2021-03-01,104.6316889648,POTOSÍ
2021-04-01,104.2810035899,POTOSÍ
2021-05-01,104.2572588573,POTOSÍ
2021-06-01,104.3534259726,POTOSÍ
2021-07-01,104.9880682,POTOSÍ
2021-08-01,105.0075911884,POTOSÍ
2021-09-01,104.7495103839,POTOSÍ
2021-10-01,104.465849043,POTOSÍ
2021-11-01,104.5558308984,POTOSÍ
2021-12-01,105.0080507519,POTOSÍ
2022-01-01,105.042263217,POTOSÍ
2022-02-01,105.4337630244,POTOSÍ
2022-03-01,105.3984604988,POTOSÍ
2022-04-01,105.5119490355,POTOSÍ
2022-05-01,105.897658606,POTOSÍ
2022-06-01,106.6510921024,POTOSÍ
2022-07-01,107.021327082,POTOSÍ
2022-08-01,107.0108497062,POTOSÍ
2022-09-01,107.2244298818,POTOSÍ
2022-10-01,107.9489246495,POTOSÍ
2022-11-01,107.9277683,POTOSÍ
2022-12-01,108.1032454649,POTOSÍ
2023-01-01,108.0486922678,POTOSÍ
2023-02-01,107.5704667287,POTOSÍ
2023-03-01,107.5136895711,POTOSÍ
2023-04-01,107.2668653762,POTOSÍ
2023-05-01,107.9539789304,POTOSÍ
2023-06-01,108.12508905,POTOSÍ
2023-07-01,109.1656996,POTOSÍ
2023-08-01,109.6574985933,POTOSÍ
2023-09-01,109.4671178453,POTOSÍ
2023-10-01,109.5942914946,POTOSÍ
2023-11-01,109.5765087,POTOSÍ
2023-12-01,110.2477114195,POTOSÍ
2024-01-01,110.5224844315,POTOSÍ
2024-02-01,110.4823522,POTOSÍ
2024-03-01,110.9377065043,POTOSÍ
2024-04-01,112.5690173872,POTOSÍ
2024-05-01,113.5378805204,POTOSÍ
2024-06-01,114.078869431,POTOSÍ
2024-07-01,114.8663183579,POTOSÍ
2024-08-01,116.8907379734,POTOSÍ
2024-09-01,117.1554983062,POTOSÍ
2024-10-01,118.761597619,POTOSÍ
2024-11-01,121.2320602852,POTOSÍ
2024-12-01,123.6795136683,POTOSÍ
2025-01-01,125.1575012621,POTOSÍ
2025-02-01,127.3110397065,POTOSÍ
2025-03-01,129.1413534454,POTOSÍ
2025-04-01,130.6314673401,POTOSÍ
2025-05-01,136.0558602384,POTOSÍ
2025-06-01,143.2945265579,POTOSÍ
2025-07-01,146.7677526221,POTOSÍ
2025-08-01,148.666410309,POTOSÍ
2025-09-01,149.7447430443,POTOSÍ
2025-10-01,150.4062548175,POTOSÍ
2025-11-01,150.8354475847,POTOSÍ
2025-12-01,153.3465697754,POTOSÍ
2026-01-01,155.8717034805,POTOSÍ
2026-02-01,156.1032320107,POTOSÍ
2026-03-01,155.5772098093,POTOSÍ
2026-04-01,155.761070376,POTOSÍ
2026-05-01,157.489380088,POTOSÍ
2018-01-01,101.6282262341,REGION METROPOLITANA KANATA
2018-02-01,101.6993279703,REGION METROPOLITANA KANATA
2018-03-01,101.4104439224,REGION METROPOLITANA KANATA
2018-04-01,101.1317316032,REGION METROPOLITANA KANATA
2018-05-01,101.2244706389,REGION METROPOLITANA KANATA
2018-06-01,101.255089527,REGION METROPOLITANA KANATA
2018-07-01,101.4245681602,REGION METROPOLITANA KANATA
2018-08-01,101.7100380156,REGION METROPOLITANA KANATA
2018-09-01,101.5111587945,REGION METROPOLITANA KANATA
2018-10-01,101.7235573511,REGION METROPOLITANA KANATA
2018-11-01,102.0065220684,REGION METROPOLITANA KANATA
2018-12-01,102.479443363,REGION METROPOLITANA KANATA
2019-01-01,102.9015205485,REGION METROPOLITANA KANATA
2019-02-01,102.5819946303,REGION METROPOLITANA KANATA
2019-03-01,102.4399760135,REGION METROPOLITANA KANATA
2019-04-01,102.8499776601,REGION METROPOLITANA KANATA
2019-05-01,103.5821422702,REGION METROPOLITANA KANATA
2019-06-01,103.8989111045,REGION METROPOLITANA KANATA
2019-07-01,104.5846856599,REGION METROPOLITANA KANATA
2019-08-01,105.8191428492,REGION METROPOLITANA KANATA
2019-09-01,105.7032360428,REGION METROPOLITANA KANATA
2019-10-01,106.018278341,REGION METROPOLITANA KANATA
2019-11-01,107.3604441984,REGION METROPOLITANA KANATA
2019-12-01,104.3950626523,REGION METROPOLITANA KANATA
2020-01-01,104.3619925057,REGION METROPOLITANA KANATA
2020-02-01,104.1212527251,REGION METROPOLITANA KANATA
2020-03-01,104.4109745595,REGION METROPOLITANA KANATA
2020-04-01,105.0784566006,REGION METROPOLITANA KANATA
2020-05-01,104.397182783,REGION METROPOLITANA KANATA
2020-06-01,104.7479762447,REGION METROPOLITANA KANATA
2020-07-01,105.6255069257,REGION METROPOLITANA KANATA
2020-08-01,105.9086918387,REGION METROPOLITANA KANATA
2020-09-01,104.2821287038,REGION METROPOLITANA KANATA
2020-10-01,105.0446480011,REGION METROPOLITANA KANATA
2020-11-01,104.391406794,REGION METROPOLITANA KANATA
2020-12-01,104.6003975829,REGION METROPOLITANA KANATA
2021-01-01,105.8150684765,REGION METROPOLITANA KANATA
2021-02-01,105.9384838474,REGION METROPOLITANA KANATA
2021-03-01,105.7978865732,REGION METROPOLITANA KANATA
2021-04-01,105.4178999939,REGION METROPOLITANA KANATA
2021-05-01,105.211579451,REGION METROPOLITANA KANATA
2021-06-01,105.5075797458,REGION METROPOLITANA KANATA
2021-07-01,105.7457392,REGION METROPOLITANA KANATA
2021-08-01,106.5259283408,REGION METROPOLITANA KANATA
2021-09-01,105.7477576579,REGION METROPOLITANA KANATA
2021-10-01,104.910042341,REGION METROPOLITANA KANATA
2021-11-01,105.0535197757,REGION METROPOLITANA KANATA
2021-12-01,105.5313029823,REGION METROPOLITANA KANATA
2022-01-01,106.3553821702,REGION METROPOLITANA KANATA
2022-02-01,106.7530567133,REGION METROPOLITANA KANATA
2022-03-01,106.1432490422,REGION METROPOLITANA KANATA
2022-04-01,105.9835454291,REGION METROPOLITANA KANATA
2022-05-01,106.4974106321,REGION METROPOLITANA KANATA
2022-06-01,106.9764919742,REGION METROPOLITANA KANATA
2022-07-01,107.8547815941,REGION METROPOLITANA KANATA
2022-08-01,107.991348037,REGION METROPOLITANA KANATA
2022-09-01,108.3759759984,REGION METROPOLITANA KANATA
2022-10-01,109.0298826085,REGION METROPOLITANA KANATA
2022-11-01,109.8688028,REGION METROPOLITANA KANATA
2022-12-01,110.3111049742,REGION METROPOLITANA KANATA
2023-01-01,110.9112795973,REGION METROPOLITANA KANATA
2023-02-01,109.6478128337,REGION METROPOLITANA KANATA
2023-03-01,109.47961982,REGION METROPOLITANA KANATA
2023-04-01,109.5294415028,REGION METROPOLITANA KANATA
2023-05-01,110.378259135,REGION METROPOLITANA KANATA
2023-06-01,110.5418041441,REGION METROPOLITANA KANATA
2023-07-01,111.1545806,REGION METROPOLITANA KANATA
2023-08-01,111.6536228024,REGION METROPOLITANA KANATA
2023-09-01,111.4464666151,REGION METROPOLITANA KANATA
2023-10-01,111.530052571,REGION METROPOLITANA KANATA
2023-11-01,111.4584076,REGION METROPOLITANA KANATA
2023-12-01,112.0794207063,REGION METROPOLITANA KANATA
2024-01-01,111.9032130489,REGION METROPOLITANA KANATA
2024-02-01,112.0811463,REGION METROPOLITANA KANATA
2024-03-01,112.3327042563,REGION METROPOLITANA KANATA
2024-04-01,112.9529934511,REGION METROPOLITANA KANATA
2024-05-01,113.7944110203,REGION METROPOLITANA KANATA
2024-06-01,114.5367763504,REGION METROPOLITANA KANATA
2024-07-01,115.2987115768,REGION METROPOLITANA KANATA
2024-08-01,117.1744294412,REGION METROPOLITANA KANATA
2024-09-01,117.7867988389,REGION METROPOLITANA KANATA
2024-10-01,120.3252186358,REGION METROPOLITANA KANATA
2024-11-01,122.5031851072,REGION METROPOLITANA KANATA
2024-12-01,123.3150635132,REGION METROPOLITANA KANATA
2025-01-01,126.3613598089,REGION METROPOLITANA KANATA
2025-02-01,127.8010244607,REGION METROPOLITANA KANATA
2025-03-01,129.9791357556,REGION METROPOLITANA KANATA
2025-04-01,130.7703984295,REGION METROPOLITANA KANATA
2025-05-01,136.0712256998,REGION METROPOLITANA KANATA
2025-06-01,143.8494338046,REGION METROPOLITANA KANATA
2025-07-01,144.5250764378,REGION METROPOLITANA KANATA
2025-08-01,145.6286491958,REGION METROPOLITANA KANATA
2025-09-01,145.4895561258,REGION METROPOLITANA KANATA
2025-10-01,146.6222776762,REGION METROPOLITANA KANATA
2025-11-01,147.0659261244,REGION METROPOLITANA KANATA
2025-12-01,147.4750263735,REGION METROPOLITANA KANATA
2026-01-01,149.4117523987,REGION METROPOLITANA KANATA
2026-02-01,148.7431465101,REGION METROPOLITANA KANATA
2026-03-01,148.5367934164,REGION METROPOLITANA KANATA
2026-04-01,148.4542233036,REGION METROPOLITANA KANATA
2026-05-01,149.8064338731,REGION METROPOLITANA KANATA
2018-01-01,101.4814531173,SUCRE
2018-02-01,101.4163288247,SUCRE
2018-03-01,101.3613711326,SUCRE
2018-04-01,101.2618944584,SUCRE
2018-05-01,101.7559653338,SUCRE
2018-06-01,101.5197485466,SUCRE
2018-07-01,101.5277877646,SUCRE
2018-08-01,101.7479086637,SUCRE
2018-09-01,101.593042362,SUCRE
2018-10-01,101.7066539201,SUCRE
2018-11-01,101.8817891957,SUCRE
2018-12-01,102.2489305747,SUCRE
2019-01-01,102.632104484,SUCRE
2019-02-01,102.5803348525,SUCRE
2019-03-01,102.795685107,SUCRE
2019-04-01,102.6480929983,SUCRE
2019-05-01,102.9489331654,SUCRE
2019-06-01,103.2911837266,SUCRE
2019-07-01,103.3719854866,SUCRE
2019-08-01,103.8048523335,SUCRE
2019-09-01,103.8709053066,SUCRE
2019-10-01,104.535431855,SUCRE
2019-11-01,105.1084192049,SUCRE
2019-12-01,103.8578386546,SUCRE
2020-01-01,103.6931598395,SUCRE
2020-02-01,103.6815014691,SUCRE
2020-03-01,103.7658845338,SUCRE
2020-04-01,104.1845876527,SUCRE
2020-05-01,104.4296739783,SUCRE
2020-06-01,104.707430595,SUCRE
2020-07-01,104.4597128148,SUCRE
2020-08-01,105.1999491084,SUCRE
2020-09-01,104.3714780831,SUCRE
2020-10-01,104.411600629,SUCRE
2020-11-01,104.2183924814,SUCRE
2020-12-01,104.4202018241,SUCRE
2021-01-01,104.5928749644,SUCRE
2021-02-01,104.638721127,SUCRE
2021-03-01,104.4700933129,SUCRE
2021-04-01,104.1481423127,SUCRE
2021-05-01,104.0205088178,SUCRE
2021-06-01,104.0365364253,SUCRE
2021-07-01,104.3717678,SUCRE
2021-08-01,104.6246206661,SUCRE
2021-09-01,104.3238007248,SUCRE
2021-10-01,103.9371816148,SUCRE
2021-11-01,103.9926615271,SUCRE
2021-12-01,104.2554608945,SUCRE
2022-01-01,104.7813268514,SUCRE
2022-02-01,105.1738122656,SUCRE
2022-03-01,104.9879239931,SUCRE
2022-04-01,104.950348547,SUCRE
2022-05-01,105.1743513362,SUCRE
2022-06-01,105.5582398003,SUCRE
2022-07-01,105.9003561787,SUCRE
2022-08-01,105.9164116911,SUCRE
2022-09-01,106.1368784669,SUCRE
2022-10-01,106.818948476,SUCRE
2022-11-01,107.3175393,SUCRE
2022-12-01,107.4993612348,SUCRE
2023-01-01,107.8709671873,SUCRE
2023-02-01,107.9279463896,SUCRE
2023-03-01,107.2405270553,SUCRE
2023-04-01,107.1554877198,SUCRE
2023-05-01,107.7204646749,SUCRE
2023-06-01,108.0835325744,SUCRE
2023-07-01,109.0835805,SUCRE
2023-08-01,109.1033242144,SUCRE
2023-09-01,109.2275176908,SUCRE
2023-10-01,109.4321601461,SUCRE
2023-11-01,109.4781208,SUCRE
2023-12-01,110.0316784791,SUCRE
2024-01-01,110.1834062289,SUCRE
2024-02-01,110.3295628,SUCRE
2024-03-01,110.7347756406,SUCRE
2024-04-01,111.5387934247,SUCRE
2024-05-01,111.9868867943,SUCRE
2024-06-01,112.4353870739,SUCRE
2024-07-01,113.038793071,SUCRE
2024-08-01,113.9371355413,SUCRE
2024-09-01,115.4902250517,SUCRE
2024-10-01,117.2534259646,SUCRE
2024-11-01,119.3192441858,SUCRE
2024-12-01,119.837274654,SUCRE
2025-01-01,122.4098713615,SUCRE
2025-02-01,123.7442155804,SUCRE
2025-03-01,125.4784168164,SUCRE
2025-04-01,126.1264575609,SUCRE
2025-05-01,130.4076662216,SUCRE
2025-06-01,135.7600145775,SUCRE
2025-07-01,138.7188551038,SUCRE
2025-08-01,140.5485200159,SUCRE
2025-09-01,141.2366200136,SUCRE
2025-10-01,141.70908316,SUCRE
2025-11-01,142.5748956217,SUCRE
2025-12-01,143.3841751956,SUCRE
2026-01-01,145.1987170118,SUCRE
2026-02-01,145.0502899635,SUCRE
2026-03-01,144.7385601428,SUCRE
2026-04-01,144.1383093941,SUCRE
2026-05-01,144.8038097893,SUCRE
2018-01-01,101.5213920672,TARIJA
2018-02-01,101.9349251354,TARIJA
2018-03-01,101.9501150699,TARIJA
2018-04-01,101.6063206333,TARIJA
2018-05-01,101.5085814343,TARIJA
2018-06-01,102.0003322093,TARIJA
2018-07-01,102.1295220508,TARIJA
2018-08-01,102.2566954759,TARIJA
2018-09-01,101.9575513966,TARIJA
2018-10-01,102.5339068051,TARIJA
2018-11-01,102.5981242668,TARIJA
2018-12-01,102.9781059159,TARIJA
2019-01-01,103.1896233007,TARIJA
2019-02-01,103.3454250809,TARIJA
2019-03-01,103.5420303244,TARIJA
2019-04-01,103.8723051836,TARIJA
2019-05-01,103.4199705808,TARIJA
2019-06-01,103.6662352158,TARIJA
2019-07-01,104.3482945334,TARIJA
2019-08-01,104.5235627246,TARIJA
2019-09-01,103.7581584889,TARIJA
2019-10-01,104.4673131307,TARIJA
2019-11-01,103.9695058962,TARIJA
2019-12-01,103.2958443063,TARIJA
2020-01-01,102.8901969952,TARIJA
2020-02-01,102.8891815804,TARIJA
2020-03-01,103.5784815044,TARIJA
2020-04-01,104.6578853746,TARIJA
2020-05-01,103.6378354597,TARIJA
2020-06-01,103.5872012944,TARIJA
2020-07-01,103.4751834403,TARIJA
2020-08-01,103.2572681431,TARIJA
2020-09-01,102.978829033,TARIJA
2020-10-01,102.5510786574,TARIJA
2020-11-01,102.5889425789,TARIJA
2020-12-01,102.9225667816,TARIJA
2021-01-01,103.5017062835,TARIJA
2021-02-01,103.5328366576,TARIJA
2021-03-01,102.6908361962,TARIJA
2021-04-01,102.139049403,TARIJA
2021-05-01,102.2688728833,TARIJA
2021-06-01,101.8740773675,TARIJA
2021-07-01,103.2941641,TARIJA
2021-08-01,104.2380814448,TARIJA
2021-09-01,103.9085952083,TARIJA
2021-10-01,102.5025114325,TARIJA
2021-11-01,102.2996559806,TARIJA
2021-12-01,102.352429977,TARIJA
2022-01-01,103.3796070536,TARIJA
2022-02-01,103.3517181518,TARIJA
2022-03-01,102.7064314426,TARIJA
2022-04-01,102.6019506186,TARIJA
2022-05-01,103.169560666,TARIJA
2022-06-01,104.1963250477,TARIJA
2022-07-01,103.5734225,TARIJA
2022-08-01,103.1668948761,TARIJA
2022-09-01,103.9307495364,TARIJA
2022-10-01,104.5727487308,TARIJA
2022-11-01,104.5102588,TARIJA
2022-12-01,105.8271715225,TARIJA
2023-01-01,104.8747268591,TARIJA
2023-02-01,104.2817387785,TARIJA
2023-03-01,103.5756240146,TARIJA
2023-04-01,103.8262643411,TARIJA
2023-05-01,104.9454175117,TARIJA
2023-06-01,105.1509568568,TARIJA
2023-07-01,106.0982387,TARIJA
2023-08-01,105.9590002423,TARIJA
2023-09-01,105.1609676879,TARIJA
2023-10-01,105.4338352334,TARIJA
2023-11-01,106.282684,TARIJA
2023-12-01,106.5650008859,TARIJA
2024-01-01,107.2244973558,TARIJA
2024-02-01,108.1217757,TARIJA
2024-03-01,108.6685494869,TARIJA
2024-04-01,111.0340320012,TARIJA
2024-05-01,112.6142565509,TARIJA
2024-06-01,111.4199463541,TARIJA
2024-07-01,112.3499959482,TARIJA
2024-08-01,112.2106408603,TARIJA
2024-09-01,112.3066026849,TARIJA
2024-10-01,113.5837703246,TARIJA
2024-11-01,116.2880118192,TARIJA
2024-12-01,117.841412927,TARIJA
2025-01-01,121.36890818,TARIJA
2025-02-01,124.1069693716,TARIJA
2025-03-01,126.0537234568,TARIJA
2025-04-01,127.9959587503,TARIJA
2025-05-01,130.3766592979,TARIJA
2025-06-01,138.1374582616,TARIJA
2025-07-01,142.1656288925,TARIJA
2025-08-01,141.9844734693,TARIJA
2025-09-01,142.2837842442,TARIJA
2025-10-01,144.7696472558,TARIJA
2025-11-01,147.1075399569,TARIJA
2025-12-01,146.970692345,TARIJA
2026-01-01,146.7929419565,TARIJA
2026-02-01,146.1137242844,TARIJA
2026-03-01,144.8147247257,TARIJA
2026-04-01,144.4590356667,TARIJA
2026-05-01,147.6368184563,TARIJA
2018-01-01,100.3939226784,TRINIDAD
2018-02-01,100.2473745175,TRINIDAD
2018-03-01,100.3971414336,TRINIDAD
2018-04-01,100.5206777117,TRINIDAD
2018-05-01,100.4709741327,TRINIDAD
2018-06-01,100.6401624514,TRINIDAD
2018-07-01,100.5337386816,TRINIDAD
2018-08-01,100.5830806821,TRINIDAD
2018-09-01,100.7145438091,TRINIDAD
2018-10-01,100.5162788834,TRINIDAD
2018-11-01,100.56393218,TRINIDAD
2018-12-01,100.9782513983,TRINIDAD
2019-01-01,100.9814845892,TRINIDAD
2019-02-01,101.1582832313,TRINIDAD
2019-03-01,101.1421493073,TRINIDAD
2019-04-01,101.4205104669,TRINIDAD
2019-05-01,101.5144621109,TRINIDAD
2019-06-01,101.7729576526,TRINIDAD
2019-07-01,101.5669638112,TRINIDAD
2019-08-01,101.6516871151,TRINIDAD
2019-09-01,101.2777299824,TRINIDAD
2019-10-01,101.6034216032,TRINIDAD
2019-11-01,102.8015700565,TRINIDAD
2019-12-01,102.1734361386,TRINIDAD
2020-01-01,101.3054014093,TRINIDAD
2020-02-01,101.4524504586,TRINIDAD
2020-03-01,101.5577258274,TRINIDAD
2020-04-01,101.8932296538,TRINIDAD
2020-05-01,102.0045623445,TRINIDAD
2020-06-01,101.9714695804,TRINIDAD
2020-07-01,101.9455291564,TRINIDAD
2020-08-01,101.8342685591,TRINIDAD
2020-09-01,101.6331869287,TRINIDAD
2020-10-01,101.6700469129,TRINIDAD
2020-11-01,101.7887714576,TRINIDAD
2020-12-01,101.8808690051,TRINIDAD
2021-01-01,101.8381220613,TRINIDAD
2021-02-01,102.0901627181,TRINIDAD
2021-03-01,102.3532474221,TRINIDAD
2021-04-01,102.7161288979,TRINIDAD
2021-05-01,102.8195320872,TRINIDAD
2021-06-01,102.871422605,TRINIDAD
2021-07-01,102.7615276,TRINIDAD
2021-08-01,102.8295845276,TRINIDAD
2021-09-01,102.9322416586,TRINIDAD
2021-10-01,102.8131327314,TRINIDAD
2021-11-01,103.031393338,TRINIDAD
2021-12-01,103.2792501665,TRINIDAD
2022-01-01,103.3659544431,TRINIDAD
2022-02-01,103.3356729142,TRINIDAD
2022-03-01,103.5969151656,TRINIDAD
2022-04-01,103.7446259043,TRINIDAD
2022-05-01,103.717785889,TRINIDAD
2022-06-01,104.0838472202,TRINIDAD
2022-07-01,104.0787784479,TRINIDAD
2022-08-01,104.48248381,TRINIDAD
2022-09-01,104.4112139427,TRINIDAD
2022-10-01,104.7271105299,TRINIDAD
2022-11-01,105.1322405,TRINIDAD
2022-12-01,104.9555769121,TRINIDAD
2023-01-01,105.1600493008,TRINIDAD
2023-02-01,105.2904367329,TRINIDAD
2023-03-01,105.0450779439,TRINIDAD
2023-04-01,105.2975123684,TRINIDAD
2023-05-01,105.4066408154,TRINIDAD
2023-06-01,105.4506149308,TRINIDAD
2023-07-01,105.4260129,TRINIDAD
2023-08-01,105.7401021957,TRINIDAD
2023-09-01,105.5278616076,TRINIDAD
2023-10-01,105.4831644932,TRINIDAD
2023-11-01,105.5651184,TRINIDAD
2023-12-01,105.9024121612,TRINIDAD
2024-01-01,106.1355069711,TRINIDAD
2024-02-01,106.1314716,TRINIDAD
2024-03-01,106.635550918,TRINIDAD
2024-04-01,106.9478058398,TRINIDAD
2024-05-01,108.0472334635,TRINIDAD
2024-06-01,108.7526121805,TRINIDAD
2024-07-01,109.08534851,TRINIDAD
2024-08-01,109.8335557207,TRINIDAD
2024-09-01,110.8726527873,TRINIDAD
2024-10-01,112.298204635,TRINIDAD
2024-11-01,115.3508985791,TRINIDAD
2024-12-01,117.8268528744,TRINIDAD
2025-01-01,121.0839199729,TRINIDAD
2025-02-01,123.7371363705,TRINIDAD
2025-03-01,125.6741192475,TRINIDAD
2025-04-01,128.5411192316,TRINIDAD
2025-05-01,132.6946867587,TRINIDAD
2025-06-01,138.4257527887,TRINIDAD
2025-07-01,142.4014445164,TRINIDAD
2025-08-01,145.2794921995,TRINIDAD
2025-09-01,146.8082433453,TRINIDAD
2025-10-01,147.6591533004,TRINIDAD
2025-11-01,148.2119545853,TRINIDAD
2025-12-01,146.9077514292,TRINIDAD
2026-01-01,148.8355598087,TRINIDAD
2026-02-01,150.1298074741,TRINIDAD
2026-03-01,148.7952280459,TRINIDAD
2026-04-01,149.096359699,TRINIDAD
2026-05-01,150.1644964267,TRINIDAD
