date,city,Core-5 CPI
2018-01-01,COBIJA,95.74301578848282
2018-02-01,COBIJA,96.25876536521892
2018-03-01,COBIJA,97.63121429305049
2018-04-01,COBIJA,97.55478854740115
2018-05-01,COBIJA,97.8371827175732
2018-06-01,COBIJA,98.64072573094397
2018-07-01,COBIJA,98.59900527943933
2018-08-01,COBIJA,99.45867770726205
2018-09-01,COBIJA,99.15951170448953
2018-10-01,COBIJA,98.28577383051852
2018-11-01,COBIJA,98.63753202992027
2018-12-01,COBIJA,99.35717596712168
2019-01-01,COBIJA,99.30707428711585
2019-02-01,COBIJA,99.23948537312133
2019-03-01,COBIJA,99.61005078044212
2019-04-01,COBIJA,99.88692505882855
2019-05-01,COBIJA,100.15124670639156
2019-06-01,COBIJA,99.90964765049492
2019-07-01,COBIJA,99.88462327225227
2019-08-01,COBIJA,100.02690897873093
2019-09-01,COBIJA,99.90229401633624
2019-10-01,COBIJA,99.90368282010526
2019-11-01,COBIJA,100.65534995990433
2019-12-01,COBIJA,100.13097786422908
2020-01-01,COBIJA,100.12580722163996
2020-02-01,COBIJA,100.09631452432924
2020-03-01,COBIJA,100.75107835499522
2020-04-01,COBIJA,103.45337708343773
2020-05-01,COBIJA,103.659410753061
2020-06-01,COBIJA,103.91146364662227
2020-07-01,COBIJA,103.23410154229443
2020-08-01,COBIJA,102.1782155964473
2020-09-01,COBIJA,101.64229318958544
2020-10-01,COBIJA,101.50385289271554
2020-11-01,COBIJA,101.56939535706694
2020-12-01,COBIJA,101.53563122859559
2021-01-01,COBIJA,102.29909409382465
2021-02-01,COBIJA,103.3697825877122
2021-03-01,COBIJA,104.96722907038708
2021-04-01,COBIJA,105.17653724305927
2021-05-01,COBIJA,104.46007997415785
2021-06-01,COBIJA,104.35742916284542
2021-07-01,COBIJA,104.634203411984
2021-08-01,COBIJA,104.31401229827327
2021-09-01,COBIJA,104.987662785124
2021-10-01,COBIJA,106.64990285650126
2021-11-01,COBIJA,106.75897822349106
2021-12-01,COBIJA,106.26802845744777
2022-01-01,COBIJA,105.66465646437328
2022-02-01,COBIJA,105.785267822549
2022-03-01,COBIJA,106.50383107883476
2022-04-01,COBIJA,107.23966863319004
2022-05-01,COBIJA,107.1465348161896
2022-06-01,COBIJA,106.91049363993564
2022-07-01,COBIJA,106.77462443285252
2022-08-01,COBIJA,106.63904718029947
2022-09-01,COBIJA,106.94883602336641
2022-10-01,COBIJA,107.21890997301145
2022-11-01,COBIJA,107.35811247536799
2022-12-01,COBIJA,107.80441522685186
2023-01-01,COBIJA,108.46948506748113
2023-02-01,COBIJA,109.31397908849861
2023-03-01,COBIJA,108.5772500112328
2023-04-01,COBIJA,108.69641456409657
2023-05-01,COBIJA,108.4107037018823
2023-06-01,COBIJA,109.07791624995825
2023-07-01,COBIJA,109.211394879363
2023-08-01,COBIJA,109.20524530625329
2023-09-01,COBIJA,109.26656771704349
2023-10-01,COBIJA,108.44122091636154
2023-11-01,COBIJA,108.88823499312599
2023-12-01,COBIJA,108.68679403091099
2024-01-01,COBIJA,108.5517856111882
2024-02-01,COBIJA,108.88401103475499
2024-03-01,COBIJA,111.83714085798312
2024-04-01,COBIJA,113.0793924616212
2024-05-01,COBIJA,113.71006882806938
2024-06-01,COBIJA,114.9358495930908
2024-07-01,COBIJA,114.75246291574328
2024-08-01,COBIJA,117.92561142007635
2024-09-01,COBIJA,120.00599436201799
2024-10-01,COBIJA,120.98915581478619
2024-11-01,COBIJA,125.11453569436436
2024-12-01,COBIJA,129.5105098177101
2025-01-01,COBIJA,130.79361353687437
2025-02-01,COBIJA,131.36017076338493
2025-03-01,COBIJA,134.44821270483476
2025-04-01,COBIJA,136.63916464383607
2025-05-01,COBIJA,146.21778070217343
2025-06-01,COBIJA,158.58308888267513
2025-07-01,COBIJA,162.6816379410631
2025-08-01,COBIJA,161.62010254841923
2025-09-01,COBIJA,162.0825820976205
2025-10-01,COBIJA,160.33515951882436
2025-11-01,COBIJA,160.25488903522745
2025-12-01,COBIJA,158.35112761318683
2026-01-01,COBIJA,158.149206528842
2026-02-01,COBIJA,158.37360042264174
2026-03-01,COBIJA,157.23264770137402
2026-04-01,COBIJA,157.07706161053156
2018-01-01,CONURBACIÓN LA PAZ,101.63997873834197
2018-02-01,CONURBACIÓN LA PAZ,102.10333078361892
2018-03-01,CONURBACIÓN LA PAZ,101.61326877340758
2018-04-01,CONURBACIÓN LA PAZ,101.2881790155021
2018-05-01,CONURBACIÓN LA PAZ,101.49872433257475
2018-06-01,CONURBACIÓN LA PAZ,101.65477999431565
2018-07-01,CONURBACIÓN LA PAZ,101.7068659904471
2018-08-01,CONURBACIÓN LA PAZ,102.0136228502747
2018-09-01,CONURBACIÓN LA PAZ,101.9538048559099
2018-10-01,CONURBACIÓN LA PAZ,102.21170138632927
2018-11-01,CONURBACIÓN LA PAZ,102.62304442097292
2018-12-01,CONURBACIÓN LA PAZ,102.92174218399106
2019-01-01,CONURBACIÓN LA PAZ,102.96471007503035
2019-02-01,CONURBACIÓN LA PAZ,102.77288243216171
2019-03-01,CONURBACIÓN LA PAZ,102.62606975774338
2019-04-01,CONURBACIÓN LA PAZ,102.57933390214234
2019-05-01,CONURBACIÓN LA PAZ,103.39507622622185
2019-06-01,CONURBACIÓN LA PAZ,103.71389953445907
2019-07-01,CONURBACIÓN LA PAZ,103.94859178294199
2019-08-01,CONURBACIÓN LA PAZ,104.65193075240086
2019-09-01,CONURBACIÓN LA PAZ,104.79765422699852
2019-10-01,CONURBACIÓN LA PAZ,105.1813605480588
2019-11-01,CONURBACIÓN LA PAZ,108.86143990971098
2019-12-01,CONURBACIÓN LA PAZ,105.07819476793749
2020-01-01,CONURBACIÓN LA PAZ,104.5766673214053
2020-02-01,CONURBACIÓN LA PAZ,103.93900410752427
2020-03-01,CONURBACIÓN LA PAZ,104.25129355063731
2020-04-01,CONURBACIÓN LA PAZ,104.96448491228462
2020-05-01,CONURBACIÓN LA PAZ,104.21942028644061
2020-06-01,CONURBACIÓN LA PAZ,104.39703112518636
2020-07-01,CONURBACIÓN LA PAZ,104.54668577106865
2020-08-01,CONURBACIÓN LA PAZ,107.08691749440695
2020-09-01,CONURBACIÓN LA PAZ,104.11273416370533
2020-10-01,CONURBACIÓN LA PAZ,104.06370476194161
2020-11-01,CONURBACIÓN LA PAZ,103.87750827877997
2020-12-01,CONURBACIÓN LA PAZ,104.15251106021047
2021-01-01,CONURBACIÓN LA PAZ,104.365589157873
2021-02-01,CONURBACIÓN LA PAZ,104.63747919805184
2021-03-01,CONURBACIÓN LA PAZ,104.60774140580256
2021-04-01,CONURBACIÓN LA PAZ,104.4962835948177
2021-05-01,CONURBACIÓN LA PAZ,103.95256178905149
2021-06-01,CONURBACIÓN LA PAZ,103.84511773884287
2021-07-01,CONURBACIÓN LA PAZ,103.94152274775
2021-08-01,CONURBACIÓN LA PAZ,104.82753636169528
2021-09-01,CONURBACIÓN LA PAZ,104.68886574303892
2021-10-01,CONURBACIÓN LA PAZ,104.46586053091254
2021-11-01,CONURBACIÓN LA PAZ,104.49777267500644
2021-12-01,CONURBACIÓN LA PAZ,104.71656017134393
2022-01-01,CONURBACIÓN LA PAZ,104.66715853969133
2022-02-01,CONURBACIÓN LA PAZ,104.81380125632091
2022-03-01,CONURBACIÓN LA PAZ,104.97595063465721
2022-04-01,CONURBACIÓN LA PAZ,105.16381669140078
2022-05-01,CONURBACIÓN LA PAZ,105.58614251191025
2022-06-01,CONURBACIÓN LA PAZ,106.30270240650268
2022-07-01,CONURBACIÓN LA PAZ,107.09471428293664
2022-08-01,CONURBACIÓN LA PAZ,107.2955502249592
2022-09-01,CONURBACIÓN LA PAZ,107.53373604751798
2022-10-01,CONURBACIÓN LA PAZ,108.49284320754346
2022-11-01,CONURBACIÓN LA PAZ,109.17778192728
2022-12-01,CONURBACIÓN LA PAZ,109.21404882187588
2023-01-01,CONURBACIÓN LA PAZ,110.22902230991829
2023-02-01,CONURBACIÓN LA PAZ,109.03430319011721
2023-03-01,CONURBACIÓN LA PAZ,109.1322022596458
2023-04-01,CONURBACIÓN LA PAZ,109.53956683292297
2023-05-01,CONURBACIÓN LA PAZ,110.40672260214188
2023-06-01,CONURBACIÓN LA PAZ,110.76665535592399
2023-07-01,CONURBACIÓN LA PAZ,111.40098699842
2023-08-01,CONURBACIÓN LA PAZ,112.39045759860761
2023-09-01,CONURBACIÓN LA PAZ,112.108380175808
2023-10-01,CONURBACIÓN LA PAZ,112.1286668472105
2023-11-01,CONURBACIÓN LA PAZ,111.88601765633
2023-12-01,CONURBACIÓN LA PAZ,112.48467182398946
2024-01-01,CONURBACIÓN LA PAZ,112.52710727495887
2024-02-01,CONURBACIÓN LA PAZ,112.96036629301
2024-03-01,CONURBACIÓN LA PAZ,113.62896540273051
2024-04-01,CONURBACIÓN LA PAZ,114.60679834111932
2024-05-01,CONURBACIÓN LA PAZ,115.26015035224518
2024-06-01,CONURBACIÓN LA PAZ,116.43873161463824
2024-07-01,CONURBACIÓN LA PAZ,116.81007537209899
2024-08-01,CONURBACIÓN LA PAZ,120.04949932311241
2024-09-01,CONURBACIÓN LA PAZ,121.29239080317959
2024-10-01,CONURBACIÓN LA PAZ,124.67055495548537
2024-11-01,CONURBACIÓN LA PAZ,127.58489536914709
2024-12-01,CONURBACIÓN LA PAZ,128.70641598462217
2025-01-01,CONURBACIÓN LA PAZ,131.10908270951035
2025-02-01,CONURBACIÓN LA PAZ,132.85750395914783
2025-03-01,CONURBACIÓN LA PAZ,136.5335392864231
2025-04-01,CONURBACIÓN LA PAZ,137.72847917504708
2025-05-01,CONURBACIÓN LA PAZ,146.07999950498248
2025-06-01,CONURBACIÓN LA PAZ,159.90173497461404
2025-07-01,CONURBACIÓN LA PAZ,159.73049408211872
2025-08-01,CONURBACIÓN LA PAZ,161.7921327667255
2025-09-01,CONURBACIÓN LA PAZ,161.81562309482217
2025-10-01,CONURBACIÓN LA PAZ,162.68972362234328
2025-11-01,CONURBACIÓN LA PAZ,163.6965797173475
2025-12-01,CONURBACIÓN LA PAZ,163.3313764754162
2026-01-01,CONURBACIÓN LA PAZ,163.99479375310244
2026-02-01,CONURBACIÓN LA PAZ,160.79312295827222
2026-03-01,CONURBACIÓN LA PAZ,159.6303263877018
2026-04-01,CONURBACIÓN LA PAZ,159.74166989883793
2018-01-01,CONURBACIÓN SANTA CRUZ,98.87664624192759
2018-02-01,CONURBACIÓN SANTA CRUZ,99.3097721168223
2018-03-01,CONURBACIÓN SANTA CRUZ,99.24827243730802
2018-04-01,CONURBACIÓN SANTA CRUZ,98.80229694422778
2018-05-01,CONURBACIÓN SANTA CRUZ,98.93720751508397
2018-06-01,CONURBACIÓN SANTA CRUZ,99.20404528545
2018-07-01,CONURBACIÓN SANTA CRUZ,98.83996511695435
2018-08-01,CONURBACIÓN SANTA CRUZ,99.06912852746024
2018-09-01,CONURBACIÓN SANTA CRUZ,98.81562713423725
2018-10-01,CONURBACIÓN SANTA CRUZ,99.44059844403719
2018-11-01,CONURBACIÓN SANTA CRUZ,99.66108336851906
2018-12-01,CONURBACIÓN SANTA CRUZ,99.89756261558585
2019-01-01,CONURBACIÓN SANTA CRUZ,99.70085775907314
2019-02-01,CONURBACIÓN SANTA CRUZ,99.38607232472918
2019-03-01,CONURBACIÓN SANTA CRUZ,99.27181255781079
2019-04-01,CONURBACIÓN SANTA CRUZ,99.77538284148473
2019-05-01,CONURBACIÓN SANTA CRUZ,100.73741814256067
2019-06-01,CONURBACIÓN SANTA CRUZ,100.77022673293251
2019-07-01,CONURBACIÓN SANTA CRUZ,101.01920142879939
2019-08-01,CONURBACIÓN SANTA CRUZ,102.2592182182734
2019-09-01,CONURBACIÓN SANTA CRUZ,101.62185217273391
2019-10-01,CONURBACIÓN SANTA CRUZ,103.28069232226765
2019-11-01,CONURBACIÓN SANTA CRUZ,102.51830934936183
2019-12-01,CONURBACIÓN SANTA CRUZ,100.03801783687913
2020-01-01,CONURBACIÓN SANTA CRUZ,100.23622855984608
2020-02-01,CONURBACIÓN SANTA CRUZ,100.85494988460607
2020-03-01,CONURBACIÓN SANTA CRUZ,100.81153136247627
2020-04-01,CONURBACIÓN SANTA CRUZ,101.66616737404196
2020-05-01,CONURBACIÓN SANTA CRUZ,102.23716942127885
2020-06-01,CONURBACIÓN SANTA CRUZ,102.24395450593647
2020-07-01,CONURBACIÓN SANTA CRUZ,100.54513685074284
2020-08-01,CONURBACIÓN SANTA CRUZ,99.97886956177284
2020-09-01,CONURBACIÓN SANTA CRUZ,98.94412091521406
2020-10-01,CONURBACIÓN SANTA CRUZ,99.98849009192907
2020-11-01,CONURBACIÓN SANTA CRUZ,99.72767965595784
2020-12-01,CONURBACIÓN SANTA CRUZ,100.0926668648423
2021-01-01,CONURBACIÓN SANTA CRUZ,100.40463733240614
2021-02-01,CONURBACIÓN SANTA CRUZ,100.50406009463131
2021-03-01,CONURBACIÓN SANTA CRUZ,100.48237437360103
2021-04-01,CONURBACIÓN SANTA CRUZ,100.64656876575627
2021-05-01,CONURBACIÓN SANTA CRUZ,100.62082096435347
2021-06-01,CONURBACIÓN SANTA CRUZ,100.26552527440391
2021-07-01,CONURBACIÓN SANTA CRUZ,100.401382670379
2021-08-01,CONURBACIÓN SANTA CRUZ,101.74921968131662
2021-09-01,CONURBACIÓN SANTA CRUZ,101.16576705994053
2021-10-01,CONURBACIÓN SANTA CRUZ,100.54161424040589
2021-11-01,CONURBACIÓN SANTA CRUZ,100.9070176909048
2021-12-01,CONURBACIÓN SANTA CRUZ,100.25077626551037
2022-01-01,CONURBACIÓN SANTA CRUZ,100.71096767739226
2022-02-01,CONURBACIÓN SANTA CRUZ,100.68904241077747
2022-03-01,CONURBACIÓN SANTA CRUZ,100.78301631526912
2022-04-01,CONURBACIÓN SANTA CRUZ,100.76839130548109
2022-05-01,CONURBACIÓN SANTA CRUZ,101.9551401666377
2022-06-01,CONURBACIÓN SANTA CRUZ,102.66431138925896
2022-07-01,CONURBACIÓN SANTA CRUZ,102.84551068200648
2022-08-01,CONURBACIÓN SANTA CRUZ,102.80703728047612
2022-09-01,CONURBACIÓN SANTA CRUZ,102.89922678964243
2022-10-01,CONURBACIÓN SANTA CRUZ,105.1772154741943
2022-11-01,CONURBACIÓN SANTA CRUZ,105.00643247212099
2022-12-01,CONURBACIÓN SANTA CRUZ,104.76937645771827
2023-01-01,CONURBACIÓN SANTA CRUZ,104.98953229807009
2023-02-01,CONURBACIÓN SANTA CRUZ,104.32467216118432
2023-03-01,CONURBACIÓN SANTA CRUZ,104.46611959410257
2023-04-01,CONURBACIÓN SANTA CRUZ,104.9416991298067
2023-05-01,CONURBACIÓN SANTA CRUZ,106.39158655714567
2023-06-01,CONURBACIÓN SANTA CRUZ,106.94776933691513
2023-07-01,CONURBACIÓN SANTA CRUZ,106.63576433221999
2023-08-01,CONURBACIÓN SANTA CRUZ,107.11826583221297
2023-09-01,CONURBACIÓN SANTA CRUZ,106.86924919862807
2023-10-01,CONURBACIÓN SANTA CRUZ,106.32214020553761
2023-11-01,CONURBACIÓN SANTA CRUZ,106.281644429533
2023-12-01,CONURBACIÓN SANTA CRUZ,107.8650443391419
2024-01-01,CONURBACIÓN SANTA CRUZ,107.54916514036792
2024-02-01,CONURBACIÓN SANTA CRUZ,107.450302663508
2024-03-01,CONURBACIÓN SANTA CRUZ,109.1721763239575
2024-04-01,CONURBACIÓN SANTA CRUZ,110.60377987788226
2024-05-01,CONURBACIÓN SANTA CRUZ,112.16743890619061
2024-06-01,CONURBACIÓN SANTA CRUZ,112.96194746326817
2024-07-01,CONURBACIÓN SANTA CRUZ,112.68967154992973
2024-08-01,CONURBACIÓN SANTA CRUZ,115.19952720447934
2024-09-01,CONURBACIÓN SANTA CRUZ,117.63377647969709
2024-10-01,CONURBACIÓN SANTA CRUZ,120.1517987552053
2024-11-01,CONURBACIÓN SANTA CRUZ,120.79596269764016
2024-12-01,CONURBACIÓN SANTA CRUZ,124.01497584494062
2025-01-01,CONURBACIÓN SANTA CRUZ,127.77641602090725
2025-02-01,CONURBACIÓN SANTA CRUZ,129.87841303014866
2025-03-01,CONURBACIÓN SANTA CRUZ,133.17676445965714
2025-04-01,CONURBACIÓN SANTA CRUZ,135.1505774879214
2025-05-01,CONURBACIÓN SANTA CRUZ,142.34954620776895
2025-06-01,CONURBACIÓN SANTA CRUZ,149.22815729478364
2025-07-01,CONURBACIÓN SANTA CRUZ,152.64168943485996
2025-08-01,CONURBACIÓN SANTA CRUZ,154.69479947314304
2025-09-01,CONURBACIÓN SANTA CRUZ,155.00846445575286
2025-10-01,CONURBACIÓN SANTA CRUZ,157.40999949356194
2025-11-01,CONURBACIÓN SANTA CRUZ,158.38963277977138
2025-12-01,CONURBACIÓN SANTA CRUZ,153.85852650776332
2026-01-01,CONURBACIÓN SANTA CRUZ,152.1639748213996
2026-02-01,CONURBACIÓN SANTA CRUZ,150.46362925316822
2026-03-01,CONURBACIÓN SANTA CRUZ,149.71998096662043
2026-04-01,CONURBACIÓN SANTA CRUZ,150.49075893274488
2018-01-01,ORURO,101.39468325661545
2018-02-01,ORURO,100.8988024608812
2018-03-01,ORURO,100.51774778864791
2018-04-01,ORURO,100.53740065615891
2018-05-01,ORURO,100.08649416798553
2018-06-01,ORURO,100.37724160137691
2018-07-01,ORURO,100.51650932519361
2018-08-01,ORURO,100.94286064491178
2018-09-01,ORURO,100.87055435955224
2018-10-01,ORURO,100.85382374629046
2018-11-01,ORURO,101.542850800297
2018-12-01,ORURO,102.29597647140483
2019-01-01,ORURO,102.28873926766252
2019-02-01,ORURO,101.80572268109073
2019-03-01,ORURO,101.59044091832429
2019-04-01,ORURO,101.60234923534136
2019-05-01,ORURO,103.48399675101379
2019-06-01,ORURO,103.70943784496191
2019-07-01,ORURO,103.38817019039632
2019-08-01,ORURO,104.71821939311027
2019-09-01,ORURO,104.92165518323634
2019-10-01,ORURO,104.995200756848
2019-11-01,ORURO,108.33933764094782
2019-12-01,ORURO,103.90680061852068
2020-01-01,ORURO,102.9390020749382
2020-02-01,ORURO,101.91176367868515
2020-03-01,ORURO,101.37416516714408
2020-04-01,ORURO,100.64834948007548
2020-05-01,ORURO,101.26031392695225
2020-06-01,ORURO,102.39542738003475
2020-07-01,ORURO,103.29152757577843
2020-08-01,ORURO,105.42860119524222
2020-09-01,ORURO,102.37592275136632
2020-10-01,ORURO,103.38527201057806
2020-11-01,ORURO,103.3571973867672
2020-12-01,ORURO,103.19778028856982
2021-01-01,ORURO,103.67190969053951
2021-02-01,ORURO,102.77310576935031
2021-03-01,ORURO,102.95368010410142
2021-04-01,ORURO,103.01734104287125
2021-05-01,ORURO,103.080696324788
2021-06-01,ORURO,102.88841972257734
2021-07-01,ORURO,102.28608609193999
2021-08-01,ORURO,102.95954409253895
2021-09-01,ORURO,102.91094350712403
2021-10-01,ORURO,102.62346368604453
2021-11-01,ORURO,102.88872882778455
2021-12-01,ORURO,102.91625991879404
2022-01-01,ORURO,102.57040446399063
2022-02-01,ORURO,102.89454729264222
2022-03-01,ORURO,102.40667217402732
2022-04-01,ORURO,102.53674705921006
2022-05-01,ORURO,103.56623990827234
2022-06-01,ORURO,103.98834557398601
2022-07-01,ORURO,104.91490519986517
2022-08-01,ORURO,105.37578600452338
2022-09-01,ORURO,106.13573222438794
2022-10-01,ORURO,107.2207783958264
2022-11-01,ORURO,108.346804400345
2022-12-01,ORURO,108.09898345064369
2023-01-01,ORURO,109.00039637118707
2023-02-01,ORURO,108.07445890489421
2023-03-01,ORURO,107.71674780814844
2023-04-01,ORURO,108.0152360543133
2023-05-01,ORURO,108.66179183200373
2023-06-01,ORURO,109.2768608600121
2023-07-01,ORURO,110.09672805211
2023-08-01,ORURO,110.726814918653
2023-09-01,ORURO,110.65466999696055
2023-10-01,ORURO,110.62111753735559
2023-11-01,ORURO,111.33894780233
2023-12-01,ORURO,112.07876069272979
2024-01-01,ORURO,112.21112560460055
2024-02-01,ORURO,112.39793846068
2024-03-01,ORURO,111.32453560297016
2024-04-01,ORURO,111.37976062781978
2024-05-01,ORURO,112.71914926650142
2024-06-01,ORURO,114.193417769037
2024-07-01,ORURO,114.61250143483255
2024-08-01,ORURO,116.54856415737115
2024-09-01,ORURO,117.94375152856415
2024-10-01,ORURO,121.5073948269281
2024-11-01,ORURO,125.55658194659392
2024-12-01,ORURO,125.85388390759931
2025-01-01,ORURO,127.08761591212097
2025-02-01,ORURO,128.41101520666524
2025-03-01,ORURO,131.4359353308468
2025-04-01,ORURO,132.84399483262126
2025-05-01,ORURO,137.94082354663124
2025-06-01,ORURO,153.41929079337532
2025-07-01,ORURO,158.86843129365278
2025-08-01,ORURO,162.28420659486042
2025-09-01,ORURO,163.460512677546
2025-10-01,ORURO,166.28857213886138
2025-11-01,ORURO,167.8030247325913
2025-12-01,ORURO,166.3543264007511
2026-01-01,ORURO,165.92267346464956
2026-02-01,ORURO,163.87375799364264
2026-03-01,ORURO,162.83576180481015
2026-04-01,ORURO,163.46225899245454
2018-01-01,POTOSÍ,102.2262891447862
2018-02-01,POTOSÍ,102.60603121419231
2018-03-01,POTOSÍ,102.18908381432311
2018-04-01,POTOSÍ,101.15560818539737
2018-05-01,POTOSÍ,101.1197171642603
2018-06-01,POTOSÍ,101.8945508137129
2018-07-01,POTOSÍ,102.06514842773954
2018-08-01,POTOSÍ,101.99809744445534
2018-09-01,POTOSÍ,101.56887298430398
2018-10-01,POTOSÍ,101.76116874793428
2018-11-01,POTOSÍ,102.36149239333629
2018-12-01,POTOSÍ,102.70727759322664
2019-01-01,POTOSÍ,102.64466443354249
2019-02-01,POTOSÍ,102.57840676324552
2019-03-01,POTOSÍ,102.72223341967305
2019-04-01,POTOSÍ,102.55778197045868
2019-05-01,POTOSÍ,103.49048560461573
2019-06-01,POTOSÍ,104.10807238380113
2019-07-01,POTOSÍ,104.3731292701993
2019-08-01,POTOSÍ,105.55215362963433
2019-09-01,POTOSÍ,105.73329789906106
2019-10-01,POTOSÍ,106.67476572821487
2019-11-01,POTOSÍ,106.82211289855138
2019-12-01,POTOSÍ,103.63480447474494
2020-01-01,POTOSÍ,102.6224466227526
2020-02-01,POTOSÍ,102.36832627662837
2020-03-01,POTOSÍ,102.76078115872008
2020-04-01,POTOSÍ,103.84563026900557
2020-05-01,POTOSÍ,103.1577594208197
2020-06-01,POTOSÍ,103.37778554454482
2020-07-01,POTOSÍ,104.15121079002395
2020-08-01,POTOSÍ,105.65175327413479
2020-09-01,POTOSÍ,102.80725898789444
2020-10-01,POTOSÍ,102.91496305111232
2020-11-01,POTOSÍ,102.96926360157887
2020-12-01,POTOSÍ,103.15005977976998
2021-01-01,POTOSÍ,103.59998073913746
2021-02-01,POTOSÍ,103.62777619726799
2021-03-01,POTOSÍ,103.11048489624027
2021-04-01,POTOSÍ,102.44751327022466
2021-05-01,POTOSÍ,102.61304921993505
2021-06-01,POTOSÍ,102.72413308133835
2021-07-01,POTOSÍ,103.97518771166
2021-08-01,POTOSÍ,104.0133373932876
2021-09-01,POTOSÍ,103.31679043801088
2021-10-01,POTOSÍ,102.55322869184964
2021-11-01,POTOSÍ,102.63199362470554
2021-12-01,POTOSÍ,103.13956324550111
2022-01-01,POTOSÍ,103.08436092094631
2022-02-01,POTOSÍ,103.58337870807203
2022-03-01,POTOSÍ,103.45479992904642
2022-04-01,POTOSÍ,103.5183890199283
2022-05-01,POTOSÍ,104.1429473157367
2022-06-01,POTOSÍ,105.54053216253588
2022-07-01,POTOSÍ,106.04363113999676
2022-08-01,POTOSÍ,106.04254096553878
2022-09-01,POTOSÍ,106.58761446858979
2022-10-01,POTOSÍ,107.90047216477855
2022-11-01,POTOSÍ,107.92385610784
2022-12-01,POTOSÍ,108.07078644049511
2023-01-01,POTOSÍ,107.78462968186146
2023-02-01,POTOSÍ,106.8284661705015
2023-03-01,POTOSÍ,106.46980859815882
2023-04-01,POTOSÍ,105.98296514308556
2023-05-01,POTOSÍ,107.12736326452207
2023-06-01,POTOSÍ,107.5015327917399
2023-07-01,POTOSÍ,109.18622939672
2023-08-01,POTOSÍ,110.20098237173916
2023-09-01,POTOSÍ,109.77205193502563
2023-10-01,POTOSÍ,110.04620713200579
2023-11-01,POTOSÍ,109.97919380199
2023-12-01,POTOSÍ,111.08894394955591
2024-01-01,POTOSÍ,111.27984393270793
2024-02-01,POTOSÍ,111.03809112037999
2024-03-01,POTOSÍ,111.77132718846588
2024-04-01,POTOSÍ,114.47746842901785
2024-05-01,POTOSÍ,115.99708553375423
2024-06-01,POTOSÍ,116.57665545908273
2024-07-01,POTOSÍ,117.37021323272042
2024-08-01,POTOSÍ,120.0215159466351
2024-09-01,POTOSÍ,120.0029490616315
2024-10-01,POTOSÍ,122.62487405563807
2024-11-01,POTOSÍ,125.65623261136832
2024-12-01,POTOSÍ,127.65507112482578
2025-01-01,POTOSÍ,129.62514865557586
2025-02-01,POTOSÍ,132.5943623876959
2025-03-01,POTOSÍ,135.21398243815804
2025-04-01,POTOSÍ,137.10143198258606
2025-05-01,POTOSÍ,144.89950002252417
2025-06-01,POTOSÍ,156.86937898018294
2025-07-01,POTOSÍ,160.96807822070411
2025-08-01,POTOSÍ,163.00846446200296
2025-09-01,POTOSÍ,164.75765782124986
2025-10-01,POTOSÍ,165.151507749586
2025-11-01,POTOSÍ,166.33616094803546
2025-12-01,POTOSÍ,166.1803286905884
2026-01-01,POTOSÍ,166.44758515334252
2026-02-01,POTOSÍ,165.95352115190317
2026-03-01,POTOSÍ,164.68113644198453
2026-04-01,POTOSÍ,164.66808982296627
2018-01-01,REGION METROPOLITANA KANATA,100.65191714995899
2018-02-01,REGION METROPOLITANA KANATA,100.66547207573181
2018-03-01,REGION METROPOLITANA KANATA,100.01789142254529
2018-04-01,REGION METROPOLITANA KANATA,99.46901412523141
2018-05-01,REGION METROPOLITANA KANATA,99.68512529541314
2018-06-01,REGION METROPOLITANA KANATA,99.67566403162205
2018-07-01,REGION METROPOLITANA KANATA,99.76575618786254
2018-08-01,REGION METROPOLITANA KANATA,100.21469087803331
2018-09-01,REGION METROPOLITANA KANATA,99.80370032547938
2018-10-01,REGION METROPOLITANA KANATA,100.27398923748143
2018-11-01,REGION METROPOLITANA KANATA,100.65031693357922
2018-12-01,REGION METROPOLITANA KANATA,101.13656493121101
2019-01-01,REGION METROPOLITANA KANATA,101.32818253071125
2019-02-01,REGION METROPOLITANA KANATA,100.91994356302516
2019-03-01,REGION METROPOLITANA KANATA,100.60991801418885
2019-04-01,REGION METROPOLITANA KANATA,101.11561267327863
2019-05-01,REGION METROPOLITANA KANATA,102.35178601014591
2019-06-01,REGION METROPOLITANA KANATA,102.86285769786534
2019-07-01,REGION METROPOLITANA KANATA,103.82506765223658
2019-08-01,REGION METROPOLITANA KANATA,105.91861930578841
2019-09-01,REGION METROPOLITANA KANATA,105.74279865716935
2019-10-01,REGION METROPOLITANA KANATA,106.23175018048215
2019-11-01,REGION METROPOLITANA KANATA,108.1890499499103
2019-12-01,REGION METROPOLITANA KANATA,102.97935582359476
2020-01-01,REGION METROPOLITANA KANATA,102.79398130403226
2020-02-01,REGION METROPOLITANA KANATA,102.21220936088913
2020-03-01,REGION METROPOLITANA KANATA,102.75267262067906
2020-04-01,REGION METROPOLITANA KANATA,104.24726329122993
2020-05-01,REGION METROPOLITANA KANATA,102.70166488048702
2020-06-01,REGION METROPOLITANA KANATA,103.08151162133973
2020-07-01,REGION METROPOLITANA KANATA,104.03921439906605
2020-08-01,REGION METROPOLITANA KANATA,104.59106003199878
2020-09-01,REGION METROPOLITANA KANATA,101.5554832182363
2020-10-01,REGION METROPOLITANA KANATA,102.78929521662411
2020-11-01,REGION METROPOLITANA KANATA,101.61487953329237
2020-12-01,REGION METROPOLITANA KANATA,101.91851063053507
2021-01-01,REGION METROPOLITANA KANATA,102.76200080233693
2021-02-01,REGION METROPOLITANA KANATA,102.90232890958386
2021-03-01,REGION METROPOLITANA KANATA,102.93693438703448
2021-04-01,REGION METROPOLITANA KANATA,102.43450713316273
2021-05-01,REGION METROPOLITANA KANATA,102.07491462084994
2021-06-01,REGION METROPOLITANA KANATA,102.51035771191934
2021-07-01,REGION METROPOLITANA KANATA,102.901733176059
2021-08-01,REGION METROPOLITANA KANATA,104.06616991076343
2021-09-01,REGION METROPOLITANA KANATA,102.68719340918996
2021-10-01,REGION METROPOLITANA KANATA,101.17161585574264
2021-11-01,REGION METROPOLITANA KANATA,101.32014933169883
2021-12-01,REGION METROPOLITANA KANATA,101.70963434153404
2022-01-01,REGION METROPOLITANA KANATA,102.76600287318101
2022-02-01,REGION METROPOLITANA KANATA,103.36109589306439
2022-03-01,REGION METROPOLITANA KANATA,102.38472177433974
2022-04-01,REGION METROPOLITANA KANATA,102.0097286392452
2022-05-01,REGION METROPOLITANA KANATA,102.98516395833538
2022-06-01,REGION METROPOLITANA KANATA,103.76207639315413
2022-07-01,REGION METROPOLITANA KANATA,104.85637315834934
2022-08-01,REGION METROPOLITANA KANATA,105.35164738160987
2022-09-01,REGION METROPOLITANA KANATA,105.93094006160499
2022-10-01,REGION METROPOLITANA KANATA,107.04155189783395
2022-11-01,REGION METROPOLITANA KANATA,108.256120103872
2022-12-01,REGION METROPOLITANA KANATA,108.44599234034744
2023-01-01,REGION METROPOLITANA KANATA,109.29268887005759
2023-02-01,REGION METROPOLITANA KANATA,107.16210171111823
2023-03-01,REGION METROPOLITANA KANATA,106.90379737339104
2023-04-01,REGION METROPOLITANA KANATA,106.8287970299199
2023-05-01,REGION METROPOLITANA KANATA,108.50351955613624
2023-06-01,REGION METROPOLITANA KANATA,108.65849794748893
2023-07-01,REGION METROPOLITANA KANATA,109.14744173714
2023-08-01,REGION METROPOLITANA KANATA,110.34644276348101
2023-09-01,REGION METROPOLITANA KANATA,109.9969851047455
2023-10-01,REGION METROPOLITANA KANATA,110.09831936175456
2023-11-01,REGION METROPOLITANA KANATA,110.008104013819
2023-12-01,REGION METROPOLITANA KANATA,110.73448970885389
2024-01-01,REGION METROPOLITANA KANATA,109.88939397020238
2024-02-01,REGION METROPOLITANA KANATA,110.326320687988
2024-03-01,REGION METROPOLITANA KANATA,110.86245510133739
2024-04-01,REGION METROPOLITANA KANATA,112.02915721021648
2024-05-01,REGION METROPOLITANA KANATA,113.48742853653825
2024-06-01,REGION METROPOLITANA KANATA,114.42207338300416
2024-07-01,REGION METROPOLITANA KANATA,115.07916853461641
2024-08-01,REGION METROPOLITANA KANATA,118.21022068847788
2024-09-01,REGION METROPOLITANA KANATA,119.32588596769354
2024-10-01,REGION METROPOLITANA KANATA,123.3632696447992
2024-11-01,REGION METROPOLITANA KANATA,125.88921565094597
2024-12-01,REGION METROPOLITANA KANATA,126.98177661401338
2025-01-01,REGION METROPOLITANA KANATA,129.5136588387877
2025-02-01,REGION METROPOLITANA KANATA,131.45676198680903
2025-03-01,REGION METROPOLITANA KANATA,134.898068271642
2025-04-01,REGION METROPOLITANA KANATA,136.21523456317357
2025-05-01,REGION METROPOLITANA KANATA,144.862183416561
2025-06-01,REGION METROPOLITANA KANATA,157.44887176154205
2025-07-01,REGION METROPOLITANA KANATA,157.6103842640037
2025-08-01,REGION METROPOLITANA KANATA,158.70086660827306
2025-09-01,REGION METROPOLITANA KANATA,158.3029849741191
2025-10-01,REGION METROPOLITANA KANATA,159.97513584139082
2025-11-01,REGION METROPOLITANA KANATA,160.29581772826495
2025-12-01,REGION METROPOLITANA KANATA,157.7572295775999
2026-01-01,REGION METROPOLITANA KANATA,157.02238056208094
2026-02-01,REGION METROPOLITANA KANATA,155.54402737295223
2026-03-01,REGION METROPOLITANA KANATA,155.00728468179022
2026-04-01,REGION METROPOLITANA KANATA,154.51059677471167
2018-01-01,SUCRE,101.08317245218633
2018-02-01,SUCRE,101.13219930165243
2018-03-01,SUCRE,100.68957061629493
2018-04-01,SUCRE,100.38983373940944
2018-05-01,SUCRE,101.44440243011614
2018-06-01,SUCRE,100.74456065056698
2018-07-01,SUCRE,100.857730528466
2018-08-01,SUCRE,101.34840485731173
2018-09-01,SUCRE,101.07212050867992
2018-10-01,SUCRE,101.49335314003037
2018-11-01,SUCRE,101.66759373077966
2018-12-01,SUCRE,102.02056361512197
2019-01-01,SUCRE,102.55596726774667
2019-02-01,SUCRE,102.55881367513126
2019-03-01,SUCRE,102.66838813652328
2019-04-01,SUCRE,102.18558750815328
2019-05-01,SUCRE,102.73601453970515
2019-06-01,SUCRE,103.26093386457258
2019-07-01,SUCRE,103.30490003465846
2019-08-01,SUCRE,104.36323968705128
2019-09-01,SUCRE,104.52928684374338
2019-10-01,SUCRE,105.86731332823494
2019-11-01,SUCRE,106.95681157725136
2019-12-01,SUCRE,104.01247457181613
2020-01-01,SUCRE,103.46462011792379
2020-02-01,SUCRE,103.46228951218158
2020-03-01,SUCRE,103.58739829583045
2020-04-01,SUCRE,104.33172729791585
2020-05-01,SUCRE,104.556167667177
2020-06-01,SUCRE,104.97197927210723
2020-07-01,SUCRE,104.27141002750174
2020-08-01,SUCRE,105.51020442075028
2020-09-01,SUCRE,103.31971231076704
2020-10-01,SUCRE,103.6821811824666
2020-11-01,SUCRE,103.36542244547464
2020-12-01,SUCRE,103.67916232409122
2021-01-01,SUCRE,104.12538940127558
2021-02-01,SUCRE,104.26332928276153
2021-03-01,SUCRE,103.92434949823812
2021-04-01,SUCRE,103.35839518500062
2021-05-01,SUCRE,103.23797987953986
2021-06-01,SUCRE,103.2641343332775
2021-07-01,SUCRE,103.998842660142
2021-08-01,SUCRE,104.35092584858572
2021-09-01,SUCRE,103.6362871351649
2021-10-01,SUCRE,102.69376764717063
2021-11-01,SUCRE,102.68616951311722
2021-12-01,SUCRE,102.81338545665687
2022-01-01,SUCRE,103.84655472966038
2022-02-01,SUCRE,104.60861228240314
2022-03-01,SUCRE,104.11038168182766
2022-04-01,SUCRE,103.89344777936074
2022-05-01,SUCRE,104.5238920216695
2022-06-01,SUCRE,105.43286290000404
2022-07-01,SUCRE,105.67309218530416
2022-08-01,SUCRE,105.98157513193239
2022-09-01,SUCRE,106.45210370151123
2022-10-01,SUCRE,107.89248296294491
2022-11-01,SUCRE,108.89451474245999
2022-12-01,SUCRE,108.56383290534724
2023-01-01,SUCRE,109.0815155079924
2023-02-01,SUCRE,109.28200579580978
2023-03-01,SUCRE,107.89408700790626
2023-04-01,SUCRE,107.63549380457174
2023-05-01,SUCRE,108.78980490589787
2023-06-01,SUCRE,109.31060395846436
2023-07-01,SUCRE,109.62082848108999
2023-08-01,SUCRE,110.00391000673795
2023-09-01,SUCRE,110.34025740998139
2023-10-01,SUCRE,110.81128697356387
2023-11-01,SUCRE,110.74588433007999
2023-12-01,SUCRE,111.26887005593068
2024-01-01,SUCRE,111.35551157688455
2024-02-01,SUCRE,111.57484868963999
2024-03-01,SUCRE,111.71053313633249
2024-04-01,SUCRE,113.33482560216
2024-05-01,SUCRE,114.2478555469769
2024-06-01,SUCRE,114.90515709563944
2024-07-01,SUCRE,115.30498637142652
2024-08-01,SUCRE,116.829204739986
2024-09-01,SUCRE,119.5214041151805
2024-10-01,SUCRE,122.46747646593388
2024-11-01,SUCRE,125.24039423328911
2024-12-01,SUCRE,125.32140165628803
2025-01-01,SUCRE,129.1848848652655
2025-02-01,SUCRE,131.48438451057615
2025-03-01,SUCRE,134.42924065123125
2025-04-01,SUCRE,135.64081006504048
2025-05-01,SUCRE,142.60792426866857
2025-06-01,SUCRE,151.31907295416283
2025-07-01,SUCRE,156.17307004670647
2025-08-01,SUCRE,157.0204500945784
2025-09-01,SUCRE,157.7484689387129
2025-10-01,SUCRE,158.46551340566495
2025-11-01,SUCRE,160.07525575626215
2025-12-01,SUCRE,157.87102674641181
2026-01-01,SUCRE,157.05544612906613
2026-02-01,SUCRE,157.18345553463593
2026-03-01,SUCRE,155.84409647107685
2026-04-01,SUCRE,154.76692087033393
2018-01-01,TARIJA,100.83047969452537
2018-02-01,TARIJA,101.38918212921156
2018-03-01,TARIJA,101.401458948513
2018-04-01,TARIJA,100.88125914493405
2018-05-01,TARIJA,100.51547304395594
2018-06-01,TARIJA,101.21011652511736
2018-07-01,TARIJA,101.35803498707453
2018-08-01,TARIJA,101.67030453389262
2018-09-01,TARIJA,101.13341774623592
2018-10-01,TARIJA,102.18174541440285
2018-11-01,TARIJA,102.18600438330627
2018-12-01,TARIJA,103.00270075392265
2019-01-01,TARIJA,103.02313520492447
2019-02-01,TARIJA,103.39902958299199
2019-03-01,TARIJA,103.65978242473668
2019-04-01,TARIJA,104.0760358686828
2019-05-01,TARIJA,103.53751207851342
2019-06-01,TARIJA,103.9167315181927
2019-07-01,TARIJA,105.05608396452845
2019-08-01,TARIJA,105.37586793065367
2019-09-01,TARIJA,104.09927037470676
2019-10-01,TARIJA,105.29228027210551
2019-11-01,TARIJA,104.4169333659857
2019-12-01,TARIJA,103.11565459456858
2020-01-01,TARIJA,102.25196202725978
2020-02-01,TARIJA,102.28701381825014
2020-03-01,TARIJA,103.54724802538323
2020-04-01,TARIJA,105.41927621879884
2020-05-01,TARIJA,103.56760193708243
2020-06-01,TARIJA,103.31914443978948
2020-07-01,TARIJA,102.8391067803122
2020-08-01,TARIJA,102.48726572809898
2020-09-01,TARIJA,101.71035988041753
2020-10-01,TARIJA,101.06231061066178
2020-11-01,TARIJA,101.15237809723736
2020-12-01,TARIJA,101.56410920719136
2021-01-01,TARIJA,102.02535397789296
2021-02-01,TARIJA,101.90124865771544
2021-03-01,TARIJA,101.36095776273555
2021-04-01,TARIJA,100.49090705372507
2021-05-01,TARIJA,100.78084147051231
2021-06-01,TARIJA,100.067136734173
2021-07-01,TARIJA,102.413287043571
2021-08-01,TARIJA,104.05325714702067
2021-09-01,TARIJA,103.4144707776812
2021-10-01,TARIJA,100.94257226692977
2021-11-01,TARIJA,100.47464795470026
2021-12-01,TARIJA,100.30364396141204
2022-01-01,TARIJA,101.16973605066511
2022-02-01,TARIJA,101.45415123644932
2022-03-01,TARIJA,100.37024469214415
2022-04-01,TARIJA,100.19719616608242
2022-05-01,TARIJA,101.24859081598571
2022-06-01,TARIJA,102.99418009904457
2022-07-01,TARIJA,101.72468041900969
2022-08-01,TARIJA,101.22319700162123
2022-09-01,TARIJA,102.49668223856838
2022-10-01,TARIJA,103.51627517720391
2022-11-01,TARIJA,103.455315360266
2022-12-01,TARIJA,105.35095933208653
2023-01-01,TARIJA,103.65081512398771
2023-02-01,TARIJA,102.83088632049024
2023-03-01,TARIJA,101.70717358797467
2023-04-01,TARIJA,102.02518407929048
2023-05-01,TARIJA,103.91573804318608
2023-06-01,TARIJA,104.21197698714657
2023-07-01,TARIJA,105.543269059285
2023-08-01,TARIJA,105.50090727691688
2023-09-01,TARIJA,104.15005639832758
2023-10-01,TARIJA,104.54772006389976
2023-11-01,TARIJA,105.904195889125
2023-12-01,TARIJA,106.06659332682831
2024-01-01,TARIJA,106.95979889190637
2024-02-01,TARIJA,108.55812798520199
2024-03-01,TARIJA,109.53763451360221
2024-04-01,TARIJA,113.54974736440604
2024-05-01,TARIJA,116.04056491278865
2024-06-01,TARIJA,113.9347076076787
2024-07-01,TARIJA,115.20002398574249
2024-08-01,TARIJA,114.61030685563233
2024-09-01,TARIJA,114.5624636523782
2024-10-01,TARIJA,116.49645276243038
2024-11-01,TARIJA,119.67714868605539
2024-12-01,TARIJA,121.69947353311235
2025-01-01,TARIJA,126.38990340066623
2025-02-01,TARIJA,130.7159815025903
2025-03-01,TARIJA,133.32973548127634
2025-04-01,TARIJA,136.16904519583989
2025-05-01,TARIJA,139.19942398472253
2025-06-01,TARIJA,151.2860392961401
2025-07-01,TARIJA,157.33113099145183
2025-08-01,TARIJA,156.79735034287043
2025-09-01,TARIJA,157.16665872653547
2025-10-01,TARIJA,161.0051962024433
2025-11-01,TARIJA,164.45127120198566
2025-12-01,TARIJA,161.29458806688737
2026-01-01,TARIJA,156.27465178747644
2026-02-01,TARIJA,155.52879924224243
2026-03-01,TARIJA,153.38942881929097
2026-04-01,TARIJA,152.7063235439538
2018-01-01,TRINIDAD,98.41885586700755
2018-02-01,TRINIDAD,98.01831409846045
2018-03-01,TRINIDAD,98.15612270833857
2018-04-01,TRINIDAD,98.26766409511217
2018-05-01,TRINIDAD,97.8425517510556
2018-06-01,TRINIDAD,97.78408661771793
2018-07-01,TRINIDAD,97.68092625917149
2018-08-01,TRINIDAD,97.75616586977819
2018-09-01,TRINIDAD,97.8338635912476
2018-10-01,TRINIDAD,97.68992150506496
2018-11-01,TRINIDAD,97.8214721444479
2018-12-01,TRINIDAD,98.28291687291362
2019-01-01,TRINIDAD,98.10116545414341
2019-02-01,TRINIDAD,98.03844840131963
2019-03-01,TRINIDAD,97.89207821110084
2019-04-01,TRINIDAD,98.22284873775959
2019-05-01,TRINIDAD,98.39240096167723
2019-06-01,TRINIDAD,98.7407734864263
2019-07-01,TRINIDAD,98.45516161372927
2019-08-01,TRINIDAD,98.7299012869411
2019-09-01,TRINIDAD,98.02306074049346
2019-10-01,TRINIDAD,98.36239101538172
2019-11-01,TRINIDAD,100.28869137232451
2019-12-01,TRINIDAD,98.87803722120059
2020-01-01,TRINIDAD,98.42957801148692
2020-02-01,TRINIDAD,98.57381475155536
2020-03-01,TRINIDAD,98.72855361246145
2020-04-01,TRINIDAD,99.44466956133063
2020-05-01,TRINIDAD,99.65220839372074
2020-06-01,TRINIDAD,99.58100676088702
2020-07-01,TRINIDAD,99.12041179083208
2020-08-01,TRINIDAD,98.72244989804304
2020-09-01,TRINIDAD,98.36666302646096
2020-10-01,TRINIDAD,98.47166410184958
2020-11-01,TRINIDAD,98.56913166711178
2020-12-01,TRINIDAD,98.70625137080806
2021-01-01,TRINIDAD,98.61744974654138
2021-02-01,TRINIDAD,98.76049371476276
2021-03-01,TRINIDAD,99.47570867559429
2021-04-01,TRINIDAD,100.23828525128522
2021-05-01,TRINIDAD,100.25022151227874
2021-06-01,TRINIDAD,100.20160728524952
2021-07-01,TRINIDAD,99.971817051487
2021-08-01,TRINIDAD,100.08970484399171
2021-09-01,TRINIDAD,100.30053830885967
2021-10-01,TRINIDAD,100.06860586578219
2021-11-01,TRINIDAD,100.39874452276244
2021-12-01,TRINIDAD,100.66912059360088
2022-01-01,TRINIDAD,99.82326426262645
2022-02-01,TRINIDAD,100.03764830118182
2022-03-01,TRINIDAD,100.48880946107036
2022-04-01,TRINIDAD,100.7346131537027
2022-05-01,TRINIDAD,100.8828835066247
2022-06-01,TRINIDAD,101.49406077768536
2022-07-01,TRINIDAD,101.32872865161029
2022-08-01,TRINIDAD,101.625430210998
2022-09-01,TRINIDAD,101.44084654587468
2022-10-01,TRINIDAD,102.00206894413456
2022-11-01,TRINIDAD,102.677349264351
2022-12-01,TRINIDAD,102.28837408069059
2023-01-01,TRINIDAD,102.81342961549115
2023-02-01,TRINIDAD,102.82739358450702
2023-03-01,TRINIDAD,102.60604322764345
2023-04-01,TRINIDAD,103.23677552106797
2023-05-01,TRINIDAD,103.53343832889666
2023-06-01,TRINIDAD,103.84985260599042
2023-07-01,TRINIDAD,103.618856486836
2023-08-01,TRINIDAD,104.16648426500208
2023-09-01,TRINIDAD,103.641548597897
2023-10-01,TRINIDAD,103.42966337355388
2023-11-01,TRINIDAD,103.469727768377
2023-12-01,TRINIDAD,103.93893613007126
2024-01-01,TRINIDAD,104.01924500537203
2024-02-01,TRINIDAD,103.79292878039699
2024-03-01,TRINIDAD,104.18285850588539
2024-04-01,TRINIDAD,105.00908574775882
2024-05-01,TRINIDAD,106.72061673317654
2024-06-01,TRINIDAD,107.59562245611636
2024-07-01,TRINIDAD,107.71266905592515
2024-08-01,TRINIDAD,108.65388409003218
2024-09-01,TRINIDAD,110.21561454761014
2024-10-01,TRINIDAD,111.91259621059092
2024-11-01,TRINIDAD,116.69002465971148
2024-12-01,TRINIDAD,119.98861915702977
2025-01-01,TRINIDAD,125.09705118849874
2025-02-01,TRINIDAD,127.01911420000991
2025-03-01,TRINIDAD,129.7266353146504
2025-04-01,TRINIDAD,134.53625344185986
2025-05-01,TRINIDAD,141.1837056352618
2025-06-01,TRINIDAD,149.0986804078601
2025-07-01,TRINIDAD,154.86758833122337
2025-08-01,TRINIDAD,158.53854952351128
2025-09-01,TRINIDAD,160.50380017126906
2025-10-01,TRINIDAD,161.9053943695875
2025-11-01,TRINIDAD,163.20346023569752
2025-12-01,TRINIDAD,159.35528030720985
2026-01-01,TRINIDAD,159.6191765166105
2026-02-01,TRINIDAD,160.37418733217666
2026-03-01,TRINIDAD,158.45389112929013
2026-04-01,TRINIDAD,158.857184531871
