date,CPI level,category
2018-01-01,102.5913441312,Alimentos y bebidas consumidos fuera del hogar
2018-02-01,103.0673103515,Alimentos y bebidas consumidos fuera del hogar
2018-03-01,103.2463080521,Alimentos y bebidas consumidos fuera del hogar
2018-04-01,103.4715599737,Alimentos y bebidas consumidos fuera del hogar
2018-05-01,103.6093822253,Alimentos y bebidas consumidos fuera del hogar
2018-06-01,103.7912624798,Alimentos y bebidas consumidos fuera del hogar
2018-07-01,103.8471592486,Alimentos y bebidas consumidos fuera del hogar
2018-08-01,104.1239376066,Alimentos y bebidas consumidos fuera del hogar
2018-09-01,104.166007795,Alimentos y bebidas consumidos fuera del hogar
2018-10-01,104.2745787095,Alimentos y bebidas consumidos fuera del hogar
2018-11-01,104.4926108646,Alimentos y bebidas consumidos fuera del hogar
2018-12-01,104.9484265179,Alimentos y bebidas consumidos fuera del hogar
2019-01-01,105.2593850315,Alimentos y bebidas consumidos fuera del hogar
2019-02-01,105.1746071199,Alimentos y bebidas consumidos fuera del hogar
2019-03-01,105.1665880793,Alimentos y bebidas consumidos fuera del hogar
2019-04-01,105.3319575577,Alimentos y bebidas consumidos fuera del hogar
2019-05-01,105.3814375607,Alimentos y bebidas consumidos fuera del hogar
2019-06-01,105.4306306783,Alimentos y bebidas consumidos fuera del hogar
2019-07-01,105.5203418135,Alimentos y bebidas consumidos fuera del hogar
2019-08-01,105.596923066,Alimentos y bebidas consumidos fuera del hogar
2019-09-01,105.7527984965,Alimentos y bebidas consumidos fuera del hogar
2019-10-01,106.1028990217,Alimentos y bebidas consumidos fuera del hogar
2019-11-01,108.09625827,Alimentos y bebidas consumidos fuera del hogar
2019-12-01,108.0888038953,Alimentos y bebidas consumidos fuera del hogar
2020-01-01,108.1312151057,Alimentos y bebidas consumidos fuera del hogar
2020-02-01,108.242234235,Alimentos y bebidas consumidos fuera del hogar
2020-03-01,108.2064180255,Alimentos y bebidas consumidos fuera del hogar
2020-04-01,108.2115990837,Alimentos y bebidas consumidos fuera del hogar
2020-05-01,108.198510309,Alimentos y bebidas consumidos fuera del hogar
2020-06-01,108.0448764443,Alimentos y bebidas consumidos fuera del hogar
2020-07-01,108.1560077292,Alimentos y bebidas consumidos fuera del hogar
2020-08-01,108.4403226102,Alimentos y bebidas consumidos fuera del hogar
2020-09-01,108.523319329,Alimentos y bebidas consumidos fuera del hogar
2020-10-01,108.9653407494,Alimentos y bebidas consumidos fuera del hogar
2020-11-01,109.287978624,Alimentos y bebidas consumidos fuera del hogar
2020-12-01,109.4690693453,Alimentos y bebidas consumidos fuera del hogar
2021-01-01,109.2893014775,Alimentos y bebidas consumidos fuera del hogar
2021-02-01,109.1981471882,Alimentos y bebidas consumidos fuera del hogar
2021-03-01,109.3060698421,Alimentos y bebidas consumidos fuera del hogar
2021-04-01,109.5199986764,Alimentos y bebidas consumidos fuera del hogar
2021-05-01,109.5390958847,Alimentos y bebidas consumidos fuera del hogar
2021-06-01,109.623247744,Alimentos y bebidas consumidos fuera del hogar
2021-07-01,109.7395315,Alimentos y bebidas consumidos fuera del hogar
2021-08-01,109.8243841975,Alimentos y bebidas consumidos fuera del hogar
2021-09-01,109.9015957724,Alimentos y bebidas consumidos fuera del hogar
2021-10-01,109.9739361032,Alimentos y bebidas consumidos fuera del hogar
2021-11-01,110.0969196689,Alimentos y bebidas consumidos fuera del hogar
2021-12-01,110.1931844942,Alimentos y bebidas consumidos fuera del hogar
2022-01-01,110.2317765432,Alimentos y bebidas consumidos fuera del hogar
2022-02-01,110.2425477935,Alimentos y bebidas consumidos fuera del hogar
2022-03-01,110.4825891215,Alimentos y bebidas consumidos fuera del hogar
2022-04-01,110.5151924479,Alimentos y bebidas consumidos fuera del hogar
2022-05-01,110.6669067581,Alimentos y bebidas consumidos fuera del hogar
2022-06-01,110.933399032,Alimentos y bebidas consumidos fuera del hogar
2022-07-01,111.2590068371,Alimentos y bebidas consumidos fuera del hogar
2022-08-01,111.3926679196,Alimentos y bebidas consumidos fuera del hogar
2022-09-01,111.4612941008,Alimentos y bebidas consumidos fuera del hogar
2022-10-01,111.812412873,Alimentos y bebidas consumidos fuera del hogar
2022-11-01,112.7660729,Alimentos y bebidas consumidos fuera del hogar
2022-12-01,112.8660386987,Alimentos y bebidas consumidos fuera del hogar
2023-01-01,113.2474216236,Alimentos y bebidas consumidos fuera del hogar
2023-02-01,113.4468557596,Alimentos y bebidas consumidos fuera del hogar
2023-03-01,113.4270865777,Alimentos y bebidas consumidos fuera del hogar
2023-04-01,113.5464599785,Alimentos y bebidas consumidos fuera del hogar
2023-05-01,113.7075570948,Alimentos y bebidas consumidos fuera del hogar
2023-06-01,113.8940579989,Alimentos y bebidas consumidos fuera del hogar
2023-07-01,114.0611619,Alimentos y bebidas consumidos fuera del hogar
2023-08-01,114.2310510161,Alimentos y bebidas consumidos fuera del hogar
2023-09-01,114.3622249481,Alimentos y bebidas consumidos fuera del hogar
2023-10-01,114.4972367775,Alimentos y bebidas consumidos fuera del hogar
2023-11-01,114.4521984,Alimentos y bebidas consumidos fuera del hogar
2023-12-01,114.6886904052,Alimentos y bebidas consumidos fuera del hogar
2024-01-01,114.83835021,Alimentos y bebidas consumidos fuera del hogar
2024-02-01,115.0966752,Alimentos y bebidas consumidos fuera del hogar
2024-03-01,115.3443232519,Alimentos y bebidas consumidos fuera del hogar
2024-04-01,115.5110905352,Alimentos y bebidas consumidos fuera del hogar
2024-05-01,115.6638524352,Alimentos y bebidas consumidos fuera del hogar
2024-06-01,116.164447763,Alimentos y bebidas consumidos fuera del hogar
2024-07-01,116.6956951345,Alimentos y bebidas consumidos fuera del hogar
2024-08-01,118.199950448,Alimentos y bebidas consumidos fuera del hogar
2024-09-01,119.4066237939,Alimentos y bebidas consumidos fuera del hogar
2024-10-01,120.9428816391,Alimentos y bebidas consumidos fuera del hogar
2024-11-01,123.412360045,Alimentos y bebidas consumidos fuera del hogar
2024-12-01,124.6946694914,Alimentos y bebidas consumidos fuera del hogar
2025-01-01,126.4945668998,Alimentos y bebidas consumidos fuera del hogar
2025-02-01,127.5523327765,Alimentos y bebidas consumidos fuera del hogar
2025-03-01,129.3180475706,Alimentos y bebidas consumidos fuera del hogar
2025-04-01,130.7338752801,Alimentos y bebidas consumidos fuera del hogar
2025-05-01,133.5182810632,Alimentos y bebidas consumidos fuera del hogar
2025-06-01,139.1410399019,Alimentos y bebidas consumidos fuera del hogar
2025-07-01,141.7142238145,Alimentos y bebidas consumidos fuera del hogar
2025-08-01,142.8977818763,Alimentos y bebidas consumidos fuera del hogar
2025-09-01,144.1045957859,Alimentos y bebidas consumidos fuera del hogar
2025-10-01,145.019198676,Alimentos y bebidas consumidos fuera del hogar
2025-11-01,146.9144825962,Alimentos y bebidas consumidos fuera del hogar
2025-12-01,148.5859971688,Alimentos y bebidas consumidos fuera del hogar
2026-01-01,150.5666894278,Alimentos y bebidas consumidos fuera del hogar
2026-02-01,150.7317980139,Alimentos y bebidas consumidos fuera del hogar
2026-03-01,151.1087917477,Alimentos y bebidas consumidos fuera del hogar
2026-04-01,151.7368643596,Alimentos y bebidas consumidos fuera del hogar
2026-05-01,154.4605923902,Alimentos y bebidas consumidos fuera del hogar
2026-06-01,159.8247826571,Alimentos y bebidas consumidos fuera del hogar
2018-01-01,101.5792088842,Alimentos y bebidas no alcohólicas
2018-02-01,101.9209538323,Alimentos y bebidas no alcohólicas
2018-03-01,101.4735822479,Alimentos y bebidas no alcohólicas
2018-04-01,100.7311918896,Alimentos y bebidas no alcohólicas
2018-05-01,100.8969728341,Alimentos y bebidas no alcohólicas
2018-06-01,101.125817203,Alimentos y bebidas no alcohólicas
2018-07-01,100.9542043991,Alimentos y bebidas no alcohólicas
2018-08-01,101.4566337265,Alimentos y bebidas no alcohólicas
2018-09-01,101.0560377795,Alimentos y bebidas no alcohólicas
2018-10-01,101.7012405346,Alimentos y bebidas no alcohólicas
2018-11-01,102.1050325845,Alimentos y bebidas no alcohólicas
2018-12-01,102.5313204839,Alimentos y bebidas no alcohólicas
2019-01-01,102.4740720989,Alimentos y bebidas no alcohólicas
2019-02-01,102.0647723994,Alimentos y bebidas no alcohólicas
2019-03-01,101.71249705,Alimentos y bebidas no alcohólicas
2019-04-01,102.1244115891,Alimentos y bebidas no alcohólicas
2019-05-01,103.7270879206,Alimentos y bebidas no alcohólicas
2019-06-01,104.1557383736,Alimentos y bebidas no alcohólicas
2019-07-01,104.7955022865,Alimentos y bebidas no alcohólicas
2019-08-01,106.9448589866,Alimentos y bebidas no alcohólicas
2019-09-01,106.632523263,Alimentos y bebidas no alcohólicas
2019-10-01,108.1869413077,Alimentos y bebidas no alcohólicas
2019-11-01,111.1512221396,Alimentos y bebidas no alcohólicas
2019-12-01,104.549120452,Alimentos y bebidas no alcohólicas
2020-01-01,103.9411585243,Alimentos y bebidas no alcohólicas
2020-02-01,103.677615867,Alimentos y bebidas no alcohólicas
2020-03-01,104.1072690321,Alimentos y bebidas no alcohólicas
2020-04-01,104.7812710302,Alimentos y bebidas no alcohólicas
2020-05-01,103.7930085656,Alimentos y bebidas no alcohólicas
2020-06-01,104.7251935963,Alimentos y bebidas no alcohólicas
2020-07-01,104.6478208376,Alimentos y bebidas no alcohólicas
2020-08-01,106.5112547747,Alimentos y bebidas no alcohólicas
2020-09-01,102.7766028132,Alimentos y bebidas no alcohólicas
2020-10-01,104.1062373189,Alimentos y bebidas no alcohólicas
2020-11-01,103.4611237353,Alimentos y bebidas no alcohólicas
2020-12-01,103.7293219303,Alimentos y bebidas no alcohólicas
2021-01-01,104.5193367995,Alimentos y bebidas no alcohólicas
2021-02-01,104.6888525988,Alimentos y bebidas no alcohólicas
2021-03-01,104.8075125498,Alimentos y bebidas no alcohólicas
2021-04-01,104.7024731633,Alimentos y bebidas no alcohólicas
2021-05-01,104.4947663904,Alimentos y bebidas no alcohólicas
2021-06-01,104.322276053,Alimentos y bebidas no alcohólicas
2021-07-01,104.8292519,Alimentos y bebidas no alcohólicas
2021-08-01,106.6590312895,Alimentos y bebidas no alcohólicas
2021-09-01,105.6161582248,Alimentos y bebidas no alcohólicas
2021-10-01,104.337710693,Alimentos y bebidas no alcohólicas
2021-11-01,104.6534496587,Alimentos y bebidas no alcohólicas
2021-12-01,104.2235284409,Alimentos y bebidas no alcohólicas
2022-01-01,104.7472805851,Alimentos y bebidas no alcohólicas
2022-02-01,105.0889261043,Alimentos y bebidas no alcohólicas
2022-03-01,104.4396421481,Alimentos y bebidas no alcohólicas
2022-04-01,104.1669633292,Alimentos y bebidas no alcohólicas
2022-05-01,105.4341708747,Alimentos y bebidas no alcohólicas
2022-06-01,106.6283453733,Alimentos y bebidas no alcohólicas
2022-07-01,107.2758134345,Alimentos y bebidas no alcohólicas
2022-08-01,107.4696144899,Alimentos y bebidas no alcohólicas
2022-09-01,107.9509255149,Alimentos y bebidas no alcohólicas
2022-10-01,110.3096016785,Alimentos y bebidas no alcohólicas
2022-11-01,111.3607805,Alimentos y bebidas no alcohólicas
2022-12-01,111.0880273653,Alimentos y bebidas no alcohólicas
2023-01-01,111.8956502841,Alimentos y bebidas no alcohólicas
2023-02-01,109.916680685,Alimentos y bebidas no alcohólicas
2023-03-01,109.6279593505,Alimentos y bebidas no alcohólicas
2023-04-01,110.0609814912,Alimentos y bebidas no alcohólicas
2023-05-01,111.8982671158,Alimentos y bebidas no alcohólicas
2023-06-01,112.2681971711,Alimentos y bebidas no alcohólicas
2023-07-01,112.8430843,Alimentos y bebidas no alcohólicas
2023-08-01,114.2360757149,Alimentos y bebidas no alcohólicas
2023-09-01,113.7220916742,Alimentos y bebidas no alcohólicas
2023-10-01,113.5822242662,Alimentos y bebidas no alcohólicas
2023-11-01,113.6019916,Alimentos y bebidas no alcohólicas
2023-12-01,114.7798617295,Alimentos y bebidas no alcohólicas
2024-01-01,114.3248372577,Alimentos y bebidas no alcohólicas
2024-02-01,114.2911179,Alimentos y bebidas no alcohólicas
2024-03-01,115.0432029015,Alimentos y bebidas no alcohólicas
2024-04-01,116.8716892084,Alimentos y bebidas no alcohólicas
2024-05-01,118.5390455617,Alimentos y bebidas no alcohólicas
2024-06-01,119.7175823962,Alimentos y bebidas no alcohólicas
2024-07-01,119.7756912944,Alimentos y bebidas no alcohólicas
2024-08-01,121.8653983293,Alimentos y bebidas no alcohólicas
2024-09-01,122.7267485349,Alimentos y bebidas no alcohólicas
2024-10-01,127.1413284558,Alimentos y bebidas no alcohólicas
2024-11-01,130.4363772825,Alimentos y bebidas no alcohólicas
2024-12-01,132.4518956512,Alimentos y bebidas no alcohólicas
2025-01-01,136.3249607928,Alimentos y bebidas no alcohólicas
2025-02-01,138.8309700428,Alimentos y bebidas no alcohólicas
2025-03-01,144.1227630064,Alimentos y bebidas no alcohólicas
2025-04-01,144.7728934935,Alimentos y bebidas no alcohólicas
2025-05-01,152.0371260878,Alimentos y bebidas no alcohólicas
2025-06-01,164.9557929126,Alimentos y bebidas no alcohólicas
2025-07-01,164.3505816656,Alimentos y bebidas no alcohólicas
2025-08-01,166.6157520173,Alimentos y bebidas no alcohólicas
2025-09-01,167.1127266171,Alimentos y bebidas no alcohólicas
2025-10-01,170.408502573,Alimentos y bebidas no alcohólicas
2025-11-01,173.2993979813,Alimentos y bebidas no alcohólicas
2025-12-01,169.9076756137,Alimentos y bebidas no alcohólicas
2026-01-01,169.0654107504,Alimentos y bebidas no alcohólicas
2026-02-01,166.6264038483,Alimentos y bebidas no alcohólicas
2026-03-01,165.7948150976,Alimentos y bebidas no alcohólicas
2026-04-01,166.6994000922,Alimentos y bebidas no alcohólicas
2026-05-01,176.7813912733,Alimentos y bebidas no alcohólicas
2026-06-01,185.6811316767,Alimentos y bebidas no alcohólicas
2018-01-01,99.4463634195,Bebidas alcohólicas y tabaco
2018-02-01,100.9490463835,Bebidas alcohólicas y tabaco
2018-03-01,100.750174722,Bebidas alcohólicas y tabaco
2018-04-01,100.7711894467,Bebidas alcohólicas y tabaco
2018-05-01,100.6152659501,Bebidas alcohólicas y tabaco
2018-06-01,100.2713953606,Bebidas alcohólicas y tabaco
2018-07-01,100.5809918328,Bebidas alcohólicas y tabaco
2018-08-01,100.5743543532,Bebidas alcohólicas y tabaco
2018-09-01,100.8324227178,Bebidas alcohólicas y tabaco
2018-10-01,100.6373937287,Bebidas alcohólicas y tabaco
2018-11-01,101.0940123248,Bebidas alcohólicas y tabaco
2018-12-01,101.338893092,Bebidas alcohólicas y tabaco
2019-01-01,101.8848210898,Bebidas alcohólicas y tabaco
2019-02-01,101.941017936,Bebidas alcohólicas y tabaco
2019-03-01,102.0090994673,Bebidas alcohólicas y tabaco
2019-04-01,101.886733318,Bebidas alcohólicas y tabaco
2019-05-01,102.0819291395,Bebidas alcohólicas y tabaco
2019-06-01,102.2767494061,Bebidas alcohólicas y tabaco
2019-07-01,102.1983562608,Bebidas alcohólicas y tabaco
2019-08-01,102.2601172737,Bebidas alcohólicas y tabaco
2019-09-01,102.413491072,Bebidas alcohólicas y tabaco
2019-10-01,102.3909164095,Bebidas alcohólicas y tabaco
2019-11-01,102.884527632,Bebidas alcohólicas y tabaco
2019-12-01,102.9732519149,Bebidas alcohólicas y tabaco
2020-01-01,103.2617056613,Bebidas alcohólicas y tabaco
2020-02-01,102.5594566094,Bebidas alcohólicas y tabaco
2020-03-01,102.7093305879,Bebidas alcohólicas y tabaco
2020-04-01,102.7573103565,Bebidas alcohólicas y tabaco
2020-05-01,103.5319818351,Bebidas alcohólicas y tabaco
2020-06-01,103.2849076966,Bebidas alcohólicas y tabaco
2020-07-01,103.3781708862,Bebidas alcohólicas y tabaco
2020-08-01,103.4475310189,Bebidas alcohólicas y tabaco
2020-09-01,102.7973326541,Bebidas alcohólicas y tabaco
2020-10-01,102.4148789015,Bebidas alcohólicas y tabaco
2020-11-01,102.3660328823,Bebidas alcohólicas y tabaco
2020-12-01,102.5932434991,Bebidas alcohólicas y tabaco
2021-01-01,102.8501568288,Bebidas alcohólicas y tabaco
2021-02-01,103.0147937727,Bebidas alcohólicas y tabaco
2021-03-01,102.9414278762,Bebidas alcohólicas y tabaco
2021-04-01,102.6451060335,Bebidas alcohólicas y tabaco
2021-05-01,102.4182327998,Bebidas alcohólicas y tabaco
2021-06-01,101.6958730023,Bebidas alcohólicas y tabaco
2021-07-01,101.7014319,Bebidas alcohólicas y tabaco
2021-08-01,101.6472098029,Bebidas alcohólicas y tabaco
2021-09-01,101.5965564854,Bebidas alcohólicas y tabaco
2021-10-01,101.569970294,Bebidas alcohólicas y tabaco
2021-11-01,102.2901132964,Bebidas alcohólicas y tabaco
2021-12-01,102.3953624963,Bebidas alcohólicas y tabaco
2022-01-01,101.8605471174,Bebidas alcohólicas y tabaco
2022-02-01,100.8748087783,Bebidas alcohólicas y tabaco
2022-03-01,101.7364177998,Bebidas alcohólicas y tabaco
2022-04-01,101.189536144,Bebidas alcohólicas y tabaco
2022-05-01,101.2458255372,Bebidas alcohólicas y tabaco
2022-06-01,101.3996498127,Bebidas alcohólicas y tabaco
2022-07-01,100.9879029008,Bebidas alcohólicas y tabaco
2022-08-01,101.3870642653,Bebidas alcohólicas y tabaco
2022-09-01,101.4310274564,Bebidas alcohólicas y tabaco
2022-10-01,101.3222729217,Bebidas alcohólicas y tabaco
2022-11-01,101.4254686,Bebidas alcohólicas y tabaco
2022-12-01,101.9534984172,Bebidas alcohólicas y tabaco
2023-01-01,101.507081991,Bebidas alcohólicas y tabaco
2023-02-01,101.6125773688,Bebidas alcohólicas y tabaco
2023-03-01,101.244971965,Bebidas alcohólicas y tabaco
2023-04-01,100.9591308542,Bebidas alcohólicas y tabaco
2023-05-01,101.252510831,Bebidas alcohólicas y tabaco
2023-06-01,101.3042915297,Bebidas alcohólicas y tabaco
2023-07-01,101.7204389,Bebidas alcohólicas y tabaco
2023-08-01,101.5258406116,Bebidas alcohólicas y tabaco
2023-09-01,101.8146968049,Bebidas alcohólicas y tabaco
2023-10-01,102.0638150615,Bebidas alcohólicas y tabaco
2023-11-01,101.7213785,Bebidas alcohólicas y tabaco
2023-12-01,102.7031185015,Bebidas alcohólicas y tabaco
2024-01-01,101.8778319112,Bebidas alcohólicas y tabaco
2024-02-01,101.3045802,Bebidas alcohólicas y tabaco
2024-03-01,102.4134884113,Bebidas alcohólicas y tabaco
2024-04-01,102.4119502143,Bebidas alcohólicas y tabaco
2024-05-01,102.9469187807,Bebidas alcohólicas y tabaco
2024-06-01,103.121262878,Bebidas alcohólicas y tabaco
2024-07-01,103.0507533844,Bebidas alcohólicas y tabaco
2024-08-01,104.3401060382,Bebidas alcohólicas y tabaco
2024-09-01,104.3898276207,Bebidas alcohólicas y tabaco
2024-10-01,105.6525514313,Bebidas alcohólicas y tabaco
2024-11-01,106.694720912,Bebidas alcohólicas y tabaco
2024-12-01,108.2962800129,Bebidas alcohólicas y tabaco
2025-01-01,109.4263420817,Bebidas alcohólicas y tabaco
2025-02-01,110.1797073565,Bebidas alcohólicas y tabaco
2025-03-01,110.5712395594,Bebidas alcohólicas y tabaco
2025-04-01,112.0376112013,Bebidas alcohólicas y tabaco
2025-05-01,113.4466600714,Bebidas alcohólicas y tabaco
2025-06-01,115.5209453088,Bebidas alcohólicas y tabaco
2025-07-01,116.7303506672,Bebidas alcohólicas y tabaco
2025-08-01,118.8500304525,Bebidas alcohólicas y tabaco
2025-09-01,120.4015952991,Bebidas alcohólicas y tabaco
2025-10-01,122.0516522678,Bebidas alcohólicas y tabaco
2025-11-01,122.8350199557,Bebidas alcohólicas y tabaco
2025-12-01,124.0827295402,Bebidas alcohólicas y tabaco
2026-01-01,126.5785991976,Bebidas alcohólicas y tabaco
2026-02-01,127.5618972143,Bebidas alcohólicas y tabaco
2026-03-01,127.3091781764,Bebidas alcohólicas y tabaco
2026-04-01,127.5666134146,Bebidas alcohólicas y tabaco
2026-05-01,128.1918783571,Bebidas alcohólicas y tabaco
2026-06-01,128.5579094504,Bebidas alcohólicas y tabaco
2018-01-01,99.0037044057,Bienes y servicios diversos
2018-02-01,99.583262735,Bienes y servicios diversos
2018-03-01,99.6746716917,Bienes y servicios diversos
2018-04-01,99.760066474,Bienes y servicios diversos
2018-05-01,99.6022581481,Bienes y servicios diversos
2018-06-01,99.8145108381,Bienes y servicios diversos
2018-07-01,99.8612905839,Bienes y servicios diversos
2018-08-01,99.8731977597,Bienes y servicios diversos
2018-09-01,99.9185008805,Bienes y servicios diversos
2018-10-01,100.1532468408,Bienes y servicios diversos
2018-11-01,100.4310360896,Bienes y servicios diversos
2018-12-01,100.4881184959,Bienes y servicios diversos
2019-01-01,100.5119693571,Bienes y servicios diversos
2019-02-01,100.6594874977,Bienes y servicios diversos
2019-03-01,100.7650422315,Bienes y servicios diversos
2019-04-01,100.7981559086,Bienes y servicios diversos
2019-05-01,100.8131944895,Bienes y servicios diversos
2019-06-01,100.7761852853,Bienes y servicios diversos
2019-07-01,100.8734051876,Bienes y servicios diversos
2019-08-01,100.8559084234,Bienes y servicios diversos
2019-09-01,100.9300844005,Bienes y servicios diversos
2019-10-01,100.8341984266,Bienes y servicios diversos
2019-11-01,100.9428704847,Bienes y servicios diversos
2019-12-01,101.1596809319,Bienes y servicios diversos
2020-01-01,101.2045107309,Bienes y servicios diversos
2020-02-01,101.1411291438,Bienes y servicios diversos
2020-03-01,101.0796850363,Bienes y servicios diversos
2020-04-01,102.897481275,Bienes y servicios diversos
2020-05-01,103.505094569,Bienes y servicios diversos
2020-06-01,102.9435875238,Bienes y servicios diversos
2020-07-01,101.7363840526,Bienes y servicios diversos
2020-08-01,101.6602752074,Bienes y servicios diversos
2020-09-01,101.2483757166,Bienes y servicios diversos
2020-10-01,100.762303436,Bienes y servicios diversos
2020-11-01,100.9257018454,Bienes y servicios diversos
2020-12-01,101.1725615298,Bienes y servicios diversos
2021-01-01,101.0237429711,Bienes y servicios diversos
2021-02-01,100.9420026379,Bienes y servicios diversos
2021-03-01,100.6526725713,Bienes y servicios diversos
2021-04-01,100.2570755394,Bienes y servicios diversos
2021-05-01,99.7269937076,Bienes y servicios diversos
2021-06-01,99.6914551283,Bienes y servicios diversos
2021-07-01,99.73595146,Bienes y servicios diversos
2021-08-01,99.8345563247,Bienes y servicios diversos
2021-09-01,99.932070078,Bienes y servicios diversos
2021-10-01,100.1119419593,Bienes y servicios diversos
2021-11-01,99.9477481717,Bienes y servicios diversos
2021-12-01,100.2447778281,Bienes y servicios diversos
2022-01-01,100.3486360649,Bienes y servicios diversos
2022-02-01,100.2004314768,Bienes y servicios diversos
2022-03-01,100.5713691496,Bienes y servicios diversos
2022-04-01,100.9809480893,Bienes y servicios diversos
2022-05-01,101.2123295692,Bienes y servicios diversos
2022-06-01,101.5445519141,Bienes y servicios diversos
2022-07-01,101.8440742557,Bienes y servicios diversos
2022-08-01,101.880007708,Bienes y servicios diversos
2022-09-01,102.0152227939,Bienes y servicios diversos
2022-10-01,102.1007352746,Bienes y servicios diversos
2022-11-01,102.1195129,Bienes y servicios diversos
2022-12-01,102.6878965756,Bienes y servicios diversos
2023-01-01,103.3816831325,Bienes y servicios diversos
2023-02-01,103.5010232786,Bienes y servicios diversos
2023-03-01,103.6193244789,Bienes y servicios diversos
2023-04-01,103.6081667711,Bienes y servicios diversos
2023-05-01,104.0532721524,Bienes y servicios diversos
2023-06-01,104.4238661964,Bienes y servicios diversos
2023-07-01,104.6945492,Bienes y servicios diversos
2023-08-01,104.8301517188,Bienes y servicios diversos
2023-09-01,104.777814096,Bienes y servicios diversos
2023-10-01,104.6776802423,Bienes y servicios diversos
2023-11-01,104.5658589,Bienes y servicios diversos
2023-12-01,105.4551670912,Bienes y servicios diversos
2024-01-01,105.9029841335,Bienes y servicios diversos
2024-02-01,106.9941944,Bienes y servicios diversos
2024-03-01,108.5516355488,Bienes y servicios diversos
2024-04-01,109.9720313716,Bienes y servicios diversos
2024-05-01,111.1834658688,Bienes y servicios diversos
2024-06-01,111.9096294489,Bienes y servicios diversos
2024-07-01,112.2508378177,Bienes y servicios diversos
2024-08-01,116.2095811045,Bienes y servicios diversos
2024-09-01,119.5369026691,Bienes y servicios diversos
2024-10-01,121.5677101486,Bienes y servicios diversos
2024-11-01,123.1845869925,Bienes y servicios diversos
2024-12-01,124.2425483568,Bienes y servicios diversos
2025-01-01,126.8729114245,Bienes y servicios diversos
2025-02-01,129.0822389151,Bienes y servicios diversos
2025-03-01,130.569576365,Bienes y servicios diversos
2025-04-01,134.5052099237,Bienes y servicios diversos
2025-05-01,144.8456202952,Bienes y servicios diversos
2025-06-01,158.1857689622,Bienes y servicios diversos
2025-07-01,164.9686906967,Bienes y servicios diversos
2025-08-01,165.9190836477,Bienes y servicios diversos
2025-09-01,165.1715015883,Bienes y servicios diversos
2025-10-01,163.7074201685,Bienes y servicios diversos
2025-11-01,161.6849425356,Bienes y servicios diversos
2025-12-01,159.4176170632,Bienes y servicios diversos
2026-01-01,157.6199239379,Bienes y servicios diversos
2026-02-01,155.1915700183,Bienes y servicios diversos
2026-03-01,152.8643541754,Bienes y servicios diversos
2026-04-01,151.8979703174,Bienes y servicios diversos
2026-05-01,151.4767744447,Bienes y servicios diversos
2026-06-01,150.6727499856,Bienes y servicios diversos
2018-01-01,96.9162595682,Comunicaciones
2018-02-01,96.8707549808,Comunicaciones
2018-03-01,96.9582949186,Comunicaciones
2018-04-01,96.8906391848,Comunicaciones
2018-05-01,96.8432997241,Comunicaciones
2018-06-01,96.7240372558,Comunicaciones
2018-07-01,96.613338158,Comunicaciones
2018-08-01,96.3589879704,Comunicaciones
2018-09-01,96.361892305,Comunicaciones
2018-10-01,96.3403078937,Comunicaciones
2018-11-01,96.3296696484,Comunicaciones
2018-12-01,96.1238892646,Comunicaciones
2019-01-01,96.2215552746,Comunicaciones
2019-02-01,96.2501660181,Comunicaciones
2019-03-01,96.4227800664,Comunicaciones
2019-04-01,96.4961836033,Comunicaciones
2019-05-01,96.3596664424,Comunicaciones
2019-06-01,96.311409752,Comunicaciones
2019-07-01,96.2073363865,Comunicaciones
2019-08-01,96.1802468731,Comunicaciones
2019-09-01,96.1440481519,Comunicaciones
2019-10-01,96.1044031873,Comunicaciones
2019-11-01,96.0586082631,Comunicaciones
2019-12-01,96.2866386424,Comunicaciones
2020-01-01,96.2110933438,Comunicaciones
2020-02-01,96.1611277794,Comunicaciones
2020-03-01,96.4552883823,Comunicaciones
2020-04-01,96.4552883823,Comunicaciones
2020-05-01,96.4552883823,Comunicaciones
2020-06-01,97.3887604256,Comunicaciones
2020-07-01,98.2586125305,Comunicaciones
2020-08-01,98.4428931376,Comunicaciones
2020-09-01,98.3820598296,Comunicaciones
2020-10-01,98.1431870243,Comunicaciones
2020-11-01,97.9749769307,Comunicaciones
2020-12-01,97.9081736522,Comunicaciones
2021-01-01,97.9419825065,Comunicaciones
2021-02-01,98.4196641172,Comunicaciones
2021-03-01,98.3334543816,Comunicaciones
2021-04-01,98.4720929603,Comunicaciones
2021-05-01,98.2043304022,Comunicaciones
2021-06-01,98.1112404533,Comunicaciones
2021-07-01,97.91553789,Comunicaciones
2021-08-01,98.0838693562,Comunicaciones
2021-09-01,98.2236936818,Comunicaciones
2021-10-01,98.7093735471,Comunicaciones
2021-11-01,99.2748456205,Comunicaciones
2021-12-01,99.337431819,Comunicaciones
2022-01-01,99.5380023984,Comunicaciones
2022-02-01,99.4419450719,Comunicaciones
2022-03-01,99.622889395,Comunicaciones
2022-04-01,99.5412323644,Comunicaciones
2022-05-01,99.167083756,Comunicaciones
2022-06-01,98.8078198683,Comunicaciones
2022-07-01,98.1181993485,Comunicaciones
2022-08-01,98.0491854451,Comunicaciones
2022-09-01,98.0160156392,Comunicaciones
2022-10-01,98.0240097205,Comunicaciones
2022-11-01,98.05503026,Comunicaciones
2022-12-01,97.9439501636,Comunicaciones
2023-01-01,97.6838752567,Comunicaciones
2023-02-01,97.4647124441,Comunicaciones
2023-03-01,97.7816714872,Comunicaciones
2023-04-01,98.0901313878,Comunicaciones
2023-05-01,98.1366100559,Comunicaciones
2023-06-01,97.9992849183,Comunicaciones
2023-07-01,97.89862329,Comunicaciones
2023-08-01,97.7164008619,Comunicaciones
2023-09-01,97.7864294824,Comunicaciones
2023-10-01,97.7195812562,Comunicaciones
2023-11-01,97.88925895,Comunicaciones
2023-12-01,98.0569881563,Comunicaciones
2024-01-01,98.3893784731,Comunicaciones
2024-02-01,98.72615705,Comunicaciones
2024-03-01,98.9156279334,Comunicaciones
2024-04-01,98.9882457437,Comunicaciones
2024-05-01,99.216511423,Comunicaciones
2024-06-01,99.0692582609,Comunicaciones
2024-07-01,99.9695854975,Comunicaciones
2024-08-01,100.9314812108,Comunicaciones
2024-09-01,100.8458790528,Comunicaciones
2024-10-01,100.543573011,Comunicaciones
2024-11-01,100.7103330028,Comunicaciones
2024-12-01,101.0853716978,Comunicaciones
2025-01-01,101.1361153856,Comunicaciones
2025-02-01,101.2914846888,Comunicaciones
2025-03-01,101.2806957687,Comunicaciones
2025-04-01,101.855215663,Comunicaciones
2025-05-01,103.1634547964,Comunicaciones
2025-06-01,104.0375495953,Comunicaciones
2025-07-01,103.3619893063,Comunicaciones
2025-08-01,102.275812017,Comunicaciones
2025-09-01,101.4648358011,Comunicaciones
2025-10-01,100.9505502396,Comunicaciones
2025-11-01,99.3291925729,Comunicaciones
2025-12-01,98.4301249273,Comunicaciones
2026-01-01,97.744983524,Comunicaciones
2026-02-01,97.4225722258,Comunicaciones
2026-03-01,97.7348124931,Comunicaciones
2026-04-01,97.7327216169,Comunicaciones
2026-05-01,98.1797341001,Comunicaciones
2026-06-01,98.5609878917,Comunicaciones
2018-01-01,106.5661659246,Educación
2018-02-01,108.1446529472,Educación
2018-03-01,108.2350382127,Educación
2018-04-01,108.2513689595,Educación
2018-05-01,108.3703353584,Educación
2018-06-01,108.3806149732,Educación
2018-07-01,108.4813215355,Educación
2018-08-01,108.6397439558,Educación
2018-09-01,108.6646533945,Educación
2018-10-01,108.6683533642,Educación
2018-11-01,108.8221143269,Educación
2018-12-01,108.8916810896,Educación
2019-01-01,112.0825967434,Educación
2019-02-01,112.255257157,Educación
2019-03-01,112.290738591,Educación
2019-04-01,112.2926789344,Educación
2019-05-01,112.2747371112,Educación
2019-06-01,112.3685989997,Educación
2019-07-01,112.3659973845,Educación
2019-08-01,112.3899892912,Educación
2019-09-01,112.4108822936,Educación
2019-10-01,112.3777042084,Educación
2019-11-01,112.3962716496,Educación
2019-12-01,112.4574082852,Educación
2020-01-01,114.6362361337,Educación
2020-02-01,115.3455584006,Educación
2020-03-01,115.3822306238,Educación
2020-04-01,115.3822306238,Educación
2020-05-01,115.3822306238,Educación
2020-06-01,115.3822306238,Educación
2020-07-01,115.3822306238,Educación
2020-08-01,115.3935949063,Educación
2020-09-01,115.4843893676,Educación
2020-10-01,115.5958674047,Educación
2020-11-01,115.5617377985,Educación
2020-12-01,115.6059868722,Educación
2021-01-01,123.9013876841,Educación
2021-02-01,126.2460125001,Educación
2021-03-01,123.8140586537,Educación
2021-04-01,122.8021325353,Educación
2021-05-01,122.4072607914,Educación
2021-06-01,122.4096989861,Educación
2021-07-01,122.3922129,Educación
2021-08-01,122.4488367263,Educación
2021-09-01,122.3062318768,Educación
2021-10-01,122.3552873854,Educación
2021-11-01,122.3112032226,Educación
2021-12-01,122.4237936008,Educación
2022-01-01,127.6920734506,Educación
2022-02-01,127.7416981893,Educación
2022-03-01,127.7201627118,Educación
2022-04-01,127.7471627946,Educación
2022-05-01,127.7022219494,Educación
2022-06-01,127.7421487257,Educación
2022-07-01,127.7755680975,Educación
2022-08-01,128.3157270649,Educación
2022-09-01,128.3150392492,Educación
2022-10-01,128.2739303541,Educación
2022-11-01,128.2239738,Educación
2022-12-01,128.2373736741,Educación
2023-01-01,129.0105275374,Educación
2023-02-01,129.4912158332,Educación
2023-03-01,129.6368845373,Educación
2023-04-01,129.606208384,Educación
2023-05-01,129.6118417776,Educación
2023-06-01,129.6673191461,Educación
2023-07-01,129.535703,Educación
2023-08-01,129.6790255083,Educación
2023-09-01,129.6855766401,Educación
2023-10-01,129.6481124711,Educación
2023-11-01,129.6392664,Educación
2023-12-01,129.7634795264,Educación
2024-01-01,131.1804070833,Educación
2024-02-01,131.7081051,Educación
2024-03-01,131.5797690289,Educación
2024-04-01,131.5024214795,Educación
2024-05-01,131.4270925915,Educación
2024-06-01,131.5334740796,Educación
2024-07-01,131.4961632684,Educación
2024-08-01,131.490907957,Educación
2024-09-01,131.5208993345,Educación
2024-10-01,131.650494846,Educación
2024-11-01,131.5862446248,Educación
2024-12-01,131.5885168355,Educación
2025-01-01,133.4270343481,Educación
2025-02-01,135.1062599894,Educación
2025-03-01,135.3302617724,Educación
2025-04-01,135.2449152339,Educación
2025-05-01,135.0368878712,Educación
2025-06-01,135.1518224895,Educación
2025-07-01,135.5382596864,Educación
2025-08-01,135.6527571065,Educación
2025-09-01,136.0788050773,Educación
2025-10-01,136.1260709361,Educación
2025-11-01,136.127839223,Educación
2025-12-01,136.0752685034,Educación
2026-01-01,140.5436751364,Educación
2026-02-01,142.3818055379,Educación
2026-03-01,142.488457263,Educación
2026-04-01,142.6586215789,Educación
2026-05-01,142.4328753494,Educación
2026-06-01,142.578197539,Educación
2018-01-01,101.7446680589,"Muebles, bienes y servicios domésticos"
2018-02-01,101.7686091098,"Muebles, bienes y servicios domésticos"
2018-03-01,101.5361069792,"Muebles, bienes y servicios domésticos"
2018-04-01,101.4471470531,"Muebles, bienes y servicios domésticos"
2018-05-01,101.8327228147,"Muebles, bienes y servicios domésticos"
2018-06-01,101.9070468252,"Muebles, bienes y servicios domésticos"
2018-07-01,101.9026108097,"Muebles, bienes y servicios domésticos"
2018-08-01,101.9294378901,"Muebles, bienes y servicios domésticos"
2018-09-01,102.0122379103,"Muebles, bienes y servicios domésticos"
2018-10-01,102.01757284359999,"Muebles, bienes y servicios domésticos"
2018-11-01,102.2319256517,"Muebles, bienes y servicios domésticos"
2018-12-01,102.4915486574,"Muebles, bienes y servicios domésticos"
2019-01-01,102.6992497153,"Muebles, bienes y servicios domésticos"
2019-02-01,102.5414795773,"Muebles, bienes y servicios domésticos"
2019-03-01,102.6985262157,"Muebles, bienes y servicios domésticos"
2019-04-01,102.7433430852,"Muebles, bienes y servicios domésticos"
2019-05-01,103.0399711083,"Muebles, bienes y servicios domésticos"
2019-06-01,103.3169337514,"Muebles, bienes y servicios domésticos"
2019-07-01,103.4769725309,"Muebles, bienes y servicios domésticos"
2019-08-01,103.4410769036,"Muebles, bienes y servicios domésticos"
2019-09-01,103.3017571869,"Muebles, bienes y servicios domésticos"
2019-10-01,103.2882398001,"Muebles, bienes y servicios domésticos"
2019-11-01,103.2536143288,"Muebles, bienes y servicios domésticos"
2019-12-01,103.4074822158,"Muebles, bienes y servicios domésticos"
2020-01-01,103.6102546852,"Muebles, bienes y servicios domésticos"
2020-02-01,103.3936557236,"Muebles, bienes y servicios domésticos"
2020-03-01,103.6535802806,"Muebles, bienes y servicios domésticos"
2020-04-01,105.1084133174,"Muebles, bienes y servicios domésticos"
2020-05-01,105.7111885368,"Muebles, bienes y servicios domésticos"
2020-06-01,104.7877306009,"Muebles, bienes y servicios domésticos"
2020-07-01,104.7158459622,"Muebles, bienes y servicios domésticos"
2020-08-01,104.4422851583,"Muebles, bienes y servicios domésticos"
2020-09-01,103.8470930118,"Muebles, bienes y servicios domésticos"
2020-10-01,103.6106537276,"Muebles, bienes y servicios domésticos"
2020-11-01,103.5083480764,"Muebles, bienes y servicios domésticos"
2020-12-01,103.9395985458,"Muebles, bienes y servicios domésticos"
2021-01-01,103.9350471748,"Muebles, bienes y servicios domésticos"
2021-02-01,104.2190347691,"Muebles, bienes y servicios domésticos"
2021-03-01,104.463402964,"Muebles, bienes y servicios domésticos"
2021-04-01,104.3217862766,"Muebles, bienes y servicios domésticos"
2021-05-01,104.0683249095,"Muebles, bienes y servicios domésticos"
2021-06-01,104.2505221029,"Muebles, bienes y servicios domésticos"
2021-07-01,104.1614688,"Muebles, bienes y servicios domésticos"
2021-08-01,104.1683591056,"Muebles, bienes y servicios domésticos"
2021-09-01,104.1776748719,"Muebles, bienes y servicios domésticos"
2021-10-01,104.1469109999,"Muebles, bienes y servicios domésticos"
2021-11-01,104.1115964874,"Muebles, bienes y servicios domésticos"
2021-12-01,104.581359686,"Muebles, bienes y servicios domésticos"
2022-01-01,105.1219694473,"Muebles, bienes y servicios domésticos"
2022-02-01,105.5379305339,"Muebles, bienes y servicios domésticos"
2022-03-01,106.3558515552,"Muebles, bienes y servicios domésticos"
2022-04-01,106.8503713918,"Muebles, bienes y servicios domésticos"
2022-05-01,107.1192082037,"Muebles, bienes y servicios domésticos"
2022-06-01,107.3731391408,"Muebles, bienes y servicios domésticos"
2022-07-01,108.5359983496,"Muebles, bienes y servicios domésticos"
2022-08-01,108.9655032599,"Muebles, bienes y servicios domésticos"
2022-09-01,109.4540207017,"Muebles, bienes y servicios domésticos"
2022-10-01,109.8307061007,"Muebles, bienes y servicios domésticos"
2022-11-01,109.626654,"Muebles, bienes y servicios domésticos"
2022-12-01,109.8532007596,"Muebles, bienes y servicios domésticos"
2023-01-01,110.0851441449,"Muebles, bienes y servicios domésticos"
2023-02-01,110.1024548789,"Muebles, bienes y servicios domésticos"
2023-03-01,110.2260132503,"Muebles, bienes y servicios domésticos"
2023-04-01,110.480086281,"Muebles, bienes y servicios domésticos"
2023-05-01,110.9517714935,"Muebles, bienes y servicios domésticos"
2023-06-01,111.835975458,"Muebles, bienes y servicios domésticos"
2023-07-01,111.6728306,"Muebles, bienes y servicios domésticos"
2023-08-01,111.7644926869,"Muebles, bienes y servicios domésticos"
2023-09-01,111.7295654653,"Muebles, bienes y servicios domésticos"
2023-10-01,111.8097624979,"Muebles, bienes y servicios domésticos"
2023-11-01,111.8929874,"Muebles, bienes y servicios domésticos"
2023-12-01,112.0668955251,"Muebles, bienes y servicios domésticos"
2024-01-01,112.1880588193,"Muebles, bienes y servicios domésticos"
2024-02-01,112.8446869,"Muebles, bienes y servicios domésticos"
2024-03-01,114.04095379,"Muebles, bienes y servicios domésticos"
2024-04-01,114.3426306374,"Muebles, bienes y servicios domésticos"
2024-05-01,114.9397616271,"Muebles, bienes y servicios domésticos"
2024-06-01,115.2183257892,"Muebles, bienes y servicios domésticos"
2024-07-01,116.1116262579,"Muebles, bienes y servicios domésticos"
2024-08-01,119.9504843617,"Muebles, bienes y servicios domésticos"
2024-09-01,122.6839157568,"Muebles, bienes y servicios domésticos"
2024-10-01,124.0407354536,"Muebles, bienes y servicios domésticos"
2024-11-01,125.2312565122,"Muebles, bienes y servicios domésticos"
2024-12-01,126.738087744,"Muebles, bienes y servicios domésticos"
2025-01-01,128.0983817426,"Muebles, bienes y servicios domésticos"
2025-02-01,128.9128878716,"Muebles, bienes y servicios domésticos"
2025-03-01,129.8121078585,"Muebles, bienes y servicios domésticos"
2025-04-01,132.4051715555,"Muebles, bienes y servicios domésticos"
2025-05-01,140.8007291633,"Muebles, bienes y servicios domésticos"
2025-06-01,149.3620158189,"Muebles, bienes y servicios domésticos"
2025-07-01,154.6627897046,"Muebles, bienes y servicios domésticos"
2025-08-01,155.7201290124,"Muebles, bienes y servicios domésticos"
2025-09-01,155.507245318,"Muebles, bienes y servicios domésticos"
2025-10-01,154.8539353357,"Muebles, bienes y servicios domésticos"
2025-11-01,152.8066590542,"Muebles, bienes y servicios domésticos"
2025-12-01,151.0705779953,"Muebles, bienes y servicios domésticos"
2026-01-01,151.0638566159,"Muebles, bienes y servicios domésticos"
2026-02-01,149.9982764949,"Muebles, bienes y servicios domésticos"
2026-03-01,148.8165656768,"Muebles, bienes y servicios domésticos"
2026-04-01,147.6591571682,"Muebles, bienes y servicios domésticos"
2026-05-01,147.6540234023,"Muebles, bienes y servicios domésticos"
2026-06-01,148.0504202974,"Muebles, bienes y servicios domésticos"
2018-01-01,96.8972159153,Prendas de vestir y calzado
2018-02-01,96.844004869,Prendas de vestir y calzado
2018-03-01,96.4018490026,Prendas de vestir y calzado
2018-04-01,96.4285935501,Prendas de vestir y calzado
2018-05-01,96.6344452063,Prendas de vestir y calzado
2018-06-01,96.6447413395,Prendas de vestir y calzado
2018-07-01,96.8776658927,Prendas de vestir y calzado
2018-08-01,97.1694726467,Prendas de vestir y calzado
2018-09-01,97.0716163576,Prendas de vestir y calzado
2018-10-01,97.174747367,Prendas de vestir y calzado
2018-11-01,97.4254746851,Prendas de vestir y calzado
2018-12-01,97.989990329,Prendas de vestir y calzado
2019-01-01,97.9842887321,Prendas de vestir y calzado
2019-02-01,97.8508135773,Prendas de vestir y calzado
2019-03-01,97.9773739262,Prendas de vestir y calzado
2019-04-01,97.8503273513,Prendas de vestir y calzado
2019-05-01,97.8923992498,Prendas de vestir y calzado
2019-06-01,97.9609729074,Prendas de vestir y calzado
2019-07-01,97.8392453617,Prendas de vestir y calzado
2019-08-01,97.6850813231,Prendas de vestir y calzado
2019-09-01,97.5269672303,Prendas de vestir y calzado
2019-10-01,97.4355084346,Prendas de vestir y calzado
2019-11-01,97.4615975908,Prendas de vestir y calzado
2019-12-01,97.9319572369,Prendas de vestir y calzado
2020-01-01,98.0241228753,Prendas de vestir y calzado
2020-02-01,97.8461982038,Prendas de vestir y calzado
2020-03-01,97.6394544872,Prendas de vestir y calzado
2020-04-01,97.6623270616,Prendas de vestir y calzado
2020-05-01,97.9000584044,Prendas de vestir y calzado
2020-06-01,97.5166804074,Prendas de vestir y calzado
2020-07-01,96.9911010814,Prendas de vestir y calzado
2020-08-01,97.0066336065,Prendas de vestir y calzado
2020-09-01,96.7000612947,Prendas de vestir y calzado
2020-10-01,96.2434099775,Prendas de vestir y calzado
2020-11-01,96.0924517451,Prendas de vestir y calzado
2020-12-01,96.483810335,Prendas de vestir y calzado
2021-01-01,96.2754480736,Prendas de vestir y calzado
2021-02-01,96.2213033349,Prendas de vestir y calzado
2021-03-01,95.8296617383,Prendas de vestir y calzado
2021-04-01,95.9670111408,Prendas de vestir y calzado
2021-05-01,95.8098720524,Prendas de vestir y calzado
2021-06-01,95.8320358333,Prendas de vestir y calzado
2021-07-01,95.81699937,Prendas de vestir y calzado
2021-08-01,95.6991932978,Prendas de vestir y calzado
2021-09-01,95.9440304753,Prendas de vestir y calzado
2021-10-01,95.9271064599,Prendas de vestir y calzado
2021-11-01,95.8440643806,Prendas de vestir y calzado
2021-12-01,96.591678612,Prendas de vestir y calzado
2022-01-01,96.5476094348,Prendas de vestir y calzado
2022-02-01,96.8394305893,Prendas de vestir y calzado
2022-03-01,96.7922604689,Prendas de vestir y calzado
2022-04-01,96.9850889264,Prendas de vestir y calzado
2022-05-01,97.2009865043,Prendas de vestir y calzado
2022-06-01,97.3311871786,Prendas de vestir y calzado
2022-07-01,97.4749035105,Prendas de vestir y calzado
2022-08-01,97.4545715977,Prendas de vestir y calzado
2022-09-01,97.4552566908,Prendas de vestir y calzado
2022-10-01,97.6257062297,Prendas de vestir y calzado
2022-11-01,97.34300741,Prendas de vestir y calzado
2022-12-01,97.8245632266,Prendas de vestir y calzado
2023-01-01,97.9335680187,Prendas de vestir y calzado
2023-02-01,97.7981668913,Prendas de vestir y calzado
2023-03-01,97.880710944,Prendas de vestir y calzado
2023-04-01,97.9540370342,Prendas de vestir y calzado
2023-05-01,98.3820923498,Prendas de vestir y calzado
2023-06-01,98.5302536111,Prendas de vestir y calzado
2023-07-01,98.71193838,Prendas de vestir y calzado
2023-08-01,98.5892443316,Prendas de vestir y calzado
2023-09-01,98.5878216914,Prendas de vestir y calzado
2023-10-01,98.4283017117,Prendas de vestir y calzado
2023-11-01,98.29417926,Prendas de vestir y calzado
2023-12-01,98.8823313026,Prendas de vestir y calzado
2024-01-01,98.8581915496,Prendas de vestir y calzado
2024-02-01,99.05358039,Prendas de vestir y calzado
2024-03-01,99.3027543221,Prendas de vestir y calzado
2024-04-01,99.3778319231,Prendas de vestir y calzado
2024-05-01,99.5815475593,Prendas de vestir y calzado
2024-06-01,100.0177023135,Prendas de vestir y calzado
2024-07-01,100.6119252053,Prendas de vestir y calzado
2024-08-01,103.1159548546,Prendas de vestir y calzado
2024-09-01,104.6040806013,Prendas de vestir y calzado
2024-10-01,105.8773460559,Prendas de vestir y calzado
2024-11-01,106.4426700347,Prendas de vestir y calzado
2024-12-01,108.1293331849,Prendas de vestir y calzado
2025-01-01,109.3556237017,Prendas de vestir y calzado
2025-02-01,110.4157036005,Prendas de vestir y calzado
2025-03-01,111.1629872381,Prendas de vestir y calzado
2025-04-01,112.975015965,Prendas de vestir y calzado
2025-05-01,119.2361791873,Prendas de vestir y calzado
2025-06-01,125.8173997053,Prendas de vestir y calzado
2025-07-01,128.9919655732,Prendas de vestir y calzado
2025-08-01,130.4307792666,Prendas de vestir y calzado
2025-09-01,130.6420375855,Prendas de vestir y calzado
2025-10-01,131.3911723347,Prendas de vestir y calzado
2025-11-01,130.9750149518,Prendas de vestir y calzado
2025-12-01,132.1430021253,Prendas de vestir y calzado
2026-01-01,132.1846187018,Prendas de vestir y calzado
2026-02-01,131.0517956261,Prendas de vestir y calzado
2026-03-01,130.8956653437,Prendas de vestir y calzado
2026-04-01,130.4861019144,Prendas de vestir y calzado
2026-05-01,130.3003457319,Prendas de vestir y calzado
2026-06-01,130.1118393563,Prendas de vestir y calzado
2018-01-01,98.4557402494,Recreación y cultura
2018-02-01,99.0139457148,Recreación y cultura
2018-03-01,99.2024582543,Recreación y cultura
2018-04-01,99.2295745184,Recreación y cultura
2018-05-01,99.4137803436,Recreación y cultura
2018-06-01,99.4202126968,Recreación y cultura
2018-07-01,99.514045715,Recreación y cultura
2018-08-01,99.1790042787,Recreación y cultura
2018-09-01,99.2288348275,Recreación y cultura
2018-10-01,98.8404198565,Recreación y cultura
2018-11-01,99.2161052922,Recreación y cultura
2018-12-01,99.1843072318,Recreación y cultura
2019-01-01,99.4805537497,Recreación y cultura
2019-02-01,99.5186862018,Recreación y cultura
2019-03-01,99.6788202885,Recreación y cultura
2019-04-01,99.6215772478,Recreación y cultura
2019-05-01,99.7436661958,Recreación y cultura
2019-06-01,99.5062832074,Recreación y cultura
2019-07-01,99.3740899648,Recreación y cultura
2019-08-01,99.1517932525,Recreación y cultura
2019-09-01,99.2111742554,Recreación y cultura
2019-10-01,99.276339988,Recreación y cultura
2019-11-01,99.3209932627,Recreación y cultura
2019-12-01,99.6820589784,Recreación y cultura
2020-01-01,100.0228118971,Recreación y cultura
2020-02-01,100.3823255126,Recreación y cultura
2020-03-01,100.5320146364,Recreación y cultura
2020-04-01,100.5432531256,Recreación y cultura
2020-05-01,100.499956324,Recreación y cultura
2020-06-01,100.9426821044,Recreación y cultura
2020-07-01,101.2845284097,Recreación y cultura
2020-08-01,101.3323868544,Recreación y cultura
2020-09-01,101.5306261388,Recreación y cultura
2020-10-01,101.5584735198,Recreación y cultura
2020-11-01,101.5347435428,Recreación y cultura
2020-12-01,101.9043974102,Recreación y cultura
2021-01-01,101.7638648255,Recreación y cultura
2021-02-01,102.0713634196,Recreación y cultura
2021-03-01,101.9594509637,Recreación y cultura
2021-04-01,101.843771322,Recreación y cultura
2021-05-01,101.8882226398,Recreación y cultura
2021-06-01,102.2734592419,Recreación y cultura
2021-07-01,102.364093,Recreación y cultura
2021-08-01,102.4362009451,Recreación y cultura
2021-09-01,102.78996701,Recreación y cultura
2021-10-01,103.0271667171,Recreación y cultura
2021-11-01,102.9990470678,Recreación y cultura
2021-12-01,103.4988776309,Recreación y cultura
2022-01-01,103.4853897773,Recreación y cultura
2022-02-01,103.6903550646,Recreación y cultura
2022-03-01,103.7728333939,Recreación y cultura
2022-04-01,103.8254329943,Recreación y cultura
2022-05-01,103.6039743139,Recreación y cultura
2022-06-01,103.554863115,Recreación y cultura
2022-07-01,103.3440810814,Recreación y cultura
2022-08-01,103.2704600257,Recreación y cultura
2022-09-01,103.0121066842,Recreación y cultura
2022-10-01,103.0710321006,Recreación y cultura
2022-11-01,103.1839149,Recreación y cultura
2022-12-01,103.0579611689,Recreación y cultura
2023-01-01,103.54033453,Recreación y cultura
2023-02-01,104.8794613843,Recreación y cultura
2023-03-01,104.9652661911,Recreación y cultura
2023-04-01,104.8704219613,Recreación y cultura
2023-05-01,105.0484889285,Recreación y cultura
2023-06-01,104.8424332997,Recreación y cultura
2023-07-01,105.1535361,Recreación y cultura
2023-08-01,105.1012240489,Recreación y cultura
2023-09-01,104.9120884459,Recreación y cultura
2023-10-01,104.9367426475,Recreación y cultura
2023-11-01,104.7354776,Recreación y cultura
2023-12-01,104.8565128112,Recreación y cultura
2024-01-01,105.9941496316,Recreación y cultura
2024-02-01,107.1377463,Recreación y cultura
2024-03-01,108.3050754721,Recreación y cultura
2024-04-01,108.4743020197,Recreación y cultura
2024-05-01,108.7073385213,Recreación y cultura
2024-06-01,108.9486687308,Recreación y cultura
2024-07-01,109.4099696711,Recreación y cultura
2024-08-01,113.6538853557,Recreación y cultura
2024-09-01,114.5246850866,Recreación y cultura
2024-10-01,114.9174337032,Recreación y cultura
2024-11-01,115.3714125662,Recreación y cultura
2024-12-01,115.593216656,Recreación y cultura
2025-01-01,119.7609280225,Recreación y cultura
2025-02-01,121.5810461792,Recreación y cultura
2025-03-01,121.3564580294,Recreación y cultura
2025-04-01,122.1094287896,Recreación y cultura
2025-05-01,125.0745419185,Recreación y cultura
2025-06-01,127.9745768789,Recreación y cultura
2025-07-01,127.8468263255,Recreación y cultura
2025-08-01,132.8138200395,Recreación y cultura
2025-09-01,131.3815520597,Recreación y cultura
2025-10-01,131.0430881042,Recreación y cultura
2025-11-01,129.3044205489,Recreación y cultura
2025-12-01,127.5648235164,Recreación y cultura
2026-01-01,128.6246083446,Recreación y cultura
2026-02-01,129.2158262833,Recreación y cultura
2026-03-01,128.876809894,Recreación y cultura
2026-04-01,129.057269138,Recreación y cultura
2026-05-01,129.2215787825,Recreación y cultura
2026-06-01,129.1185915854,Recreación y cultura
2018-01-01,101.8844649529,Salud
2018-02-01,102.089217598,Salud
2018-03-01,102.3923567424,Salud
2018-04-01,102.6584051063,Salud
2018-05-01,103.2134750655,Salud
2018-06-01,103.9028746888,Salud
2018-07-01,104.120075147,Salud
2018-08-01,104.4345102014,Salud
2018-09-01,104.6911457162,Salud
2018-10-01,104.5630478553,Salud
2018-11-01,104.7086667424,Salud
2018-12-01,104.9952170979,Salud
2019-01-01,105.5113972279,Salud
2019-02-01,105.6860495522,Salud
2019-03-01,105.9875603338,Salud
2019-04-01,106.0269182283,Salud
2019-05-01,106.0934966508,Salud
2019-06-01,106.1495130895,Salud
2019-07-01,106.5726886359,Salud
2019-08-01,106.4401850466,Salud
2019-09-01,106.5038631094,Salud
2019-10-01,106.7209812881,Salud
2019-11-01,106.8658159329,Salud
2019-12-01,107.0168458856,Salud
2020-01-01,107.1255172019,Salud
2020-02-01,107.7105949261,Salud
2020-03-01,107.9225567571,Salud
2020-04-01,108.2112112009,Salud
2020-05-01,111.3631154223,Salud
2020-06-01,112.1403576187,Salud
2020-07-01,114.8636436504,Salud
2020-08-01,115.4239257255,Salud
2020-09-01,115.2018649909,Salud
2020-10-01,115.0052742403,Salud
2020-11-01,114.7673217117,Salud
2020-12-01,114.9767721168,Salud
2021-01-01,115.2987116548,Salud
2021-02-01,115.8458970581,Salud
2021-03-01,115.5386101186,Salud
2021-04-01,115.5625246794,Salud
2021-05-01,115.2716546616,Salud
2021-06-01,115.5850192793,Salud
2021-07-01,115.8274065,Salud
2021-08-01,115.5848158145,Salud
2021-09-01,115.4722232387,Salud
2021-10-01,115.640131573,Salud
2021-11-01,115.756572024,Salud
2021-12-01,116.0140646675,Salud
2022-01-01,116.3863174851,Salud
2022-02-01,116.5293057807,Salud
2022-03-01,116.6033455273,Salud
2022-04-01,116.6132167475,Salud
2022-05-01,116.917261314,Salud
2022-06-01,117.1062550138,Salud
2022-07-01,117.0789440229,Salud
2022-08-01,116.8510535285,Salud
2022-09-01,116.8055937344,Salud
2022-10-01,116.6886021875,Salud
2022-11-01,116.8373237,Salud
2022-12-01,117.2175884938,Salud
2023-01-01,117.1710321906,Salud
2023-02-01,117.258575356,Salud
2023-03-01,117.7399051873,Salud
2023-04-01,117.6712471425,Salud
2023-05-01,117.9165957467,Salud
2023-06-01,118.3956263546,Salud
2023-07-01,118.5990294,Salud
2023-08-01,118.6805167441,Salud
2023-09-01,118.7164947274,Salud
2023-10-01,118.7624832499,Salud
2023-11-01,118.9341729,Salud
2023-12-01,119.0631207778,Salud
2024-01-01,119.5669626479,Salud
2024-02-01,120.1357906,Salud
2024-03-01,120.9697437938,Salud
2024-04-01,121.2983449019,Salud
2024-05-01,121.7396794941,Salud
2024-06-01,122.7753049251,Salud
2024-07-01,123.272217066,Salud
2024-08-01,124.8637214909,Salud
2024-09-01,125.9870078687,Salud
2024-10-01,127.6322751412,Salud
2024-11-01,128.6214430222,Salud
2024-12-01,129.2984732409,Salud
2025-01-01,130.6015329292,Salud
2025-02-01,131.3584858092,Salud
2025-03-01,132.3939371447,Salud
2025-04-01,134.8621948918,Salud
2025-05-01,138.9154255436,Salud
2025-06-01,144.4874516039,Salud
2025-07-01,148.370202426,Salud
2025-08-01,150.1527509359,Salud
2025-09-01,151.4021289787,Salud
2025-10-01,152.6001729801,Salud
2025-11-01,152.7421250865,Salud
2025-12-01,153.7268554729,Salud
2026-01-01,155.6570632486,Salud
2026-02-01,155.8390578467,Salud
2026-03-01,155.7058465079,Salud
2026-04-01,156.2101342024,Salud
2026-05-01,157.0755599271,Salud
2026-06-01,157.1041498664,Salud
2018-01-01,101.3548166281,Transporte
2018-02-01,101.2738375281,Transporte
2018-03-01,101.0228408327,Transporte
2018-04-01,101.1091916006,Transporte
2018-05-01,101.0658665103,Transporte
2018-06-01,100.9580571167,Transporte
2018-07-01,101.486583197,Transporte
2018-08-01,101.3842200575,Transporte
2018-09-01,101.3397357822,Transporte
2018-10-01,101.3126324068,Transporte
2018-11-01,101.5647496935,Transporte
2018-12-01,102.8249560494,Transporte
2019-01-01,102.9052916574,Transporte
2019-02-01,102.3980562032,Transporte
2019-03-01,102.4992564831,Transporte
2019-04-01,102.5089929156,Transporte
2019-05-01,102.396875268,Transporte
2019-06-01,102.617540599,Transporte
2019-07-01,103.0163956189,Transporte
2019-08-01,102.6021524864,Transporte
2019-09-01,102.5298609723,Transporte
2019-10-01,102.6135586672,Transporte
2019-11-01,103.2515812983,Transporte
2019-12-01,104.2254953015,Transporte
2020-01-01,104.2400693268,Transporte
2020-02-01,103.8615562419,Transporte
2020-03-01,103.632588771,Transporte
2020-04-01,103.632588771,Transporte
2020-05-01,103.6493054889,Transporte
2020-06-01,105.7628411888,Transporte
2020-07-01,107.0230242547,Transporte
2020-08-01,107.236924787,Transporte
2020-09-01,107.7126258486,Transporte
2020-10-01,107.2973712112,Transporte
2020-11-01,105.772070793,Transporte
2020-12-01,105.9616191602,Transporte
2021-01-01,105.7196736738,Transporte
2021-02-01,105.3594225351,Transporte
2021-03-01,105.1538848272,Transporte
2021-04-01,105.221526457,Transporte
2021-05-01,105.0752603298,Transporte
2021-06-01,105.3267884439,Transporte
2021-07-01,105.3349109,Transporte
2021-08-01,105.7820893417,Transporte
2021-09-01,106.0312827782,Transporte
2021-10-01,106.3535613862,Transporte
2021-11-01,107.1688314772,Transporte
2021-12-01,108.3583027884,Transporte
2022-01-01,107.3898587184,Transporte
2022-02-01,107.2134466431,Transporte
2022-03-01,107.1221834503,Transporte
2022-04-01,107.380974828,Transporte
2022-05-01,107.1548135626,Transporte
2022-06-01,107.2285003214,Transporte
2022-07-01,108.7967411169,Transporte
2022-08-01,107.9035942121,Transporte
2022-09-01,107.7347864343,Transporte
2022-10-01,108.47859988,Transporte
2022-11-01,109.6517568,Transporte
2022-12-01,110.5983965505,Transporte
2023-01-01,110.1335670028,Transporte
2023-02-01,109.3871714376,Transporte
2023-03-01,108.5317136158,Transporte
2023-04-01,108.9684455476,Transporte
2023-05-01,108.3348246941,Transporte
2023-06-01,108.4543707294,Transporte
2023-07-01,110.3136045,Transporte
2023-08-01,110.5161300389,Transporte
2023-09-01,111.1552590741,Transporte
2023-10-01,111.1858216764,Transporte
2023-11-01,111.2717944,Transporte
2023-12-01,113.6146934603,Transporte
2024-01-01,113.6220225776,Transporte
2024-02-01,112.7775342,Transporte
2024-03-01,111.9612483496,Transporte
2024-04-01,111.5733983079,Transporte
2024-05-01,111.6844264234,Transporte
2024-06-01,112.2499413285,Transporte
2024-07-01,114.5718827769,Transporte
2024-08-01,113.5577131173,Transporte
2024-09-01,113.3759354227,Transporte
2024-10-01,114.2302287316,Transporte
2024-11-01,115.6643331598,Transporte
2024-12-01,117.2752516276,Transporte
2025-01-01,119.9105271398,Transporte
2025-02-01,121.9721318565,Transporte
2025-03-01,123.9417478218,Transporte
2025-04-01,123.5029426641,Transporte
2025-05-01,124.6425242077,Transporte
2025-06-01,126.3993125135,Transporte
2025-07-01,128.6284791504,Transporte
2025-08-01,128.229501386,Transporte
2025-09-01,128.129575976,Transporte
2025-10-01,128.9980583426,Transporte
2025-11-01,128.7869210366,Transporte
2025-12-01,148.501848688,Transporte
2026-01-01,166.2280933124,Transporte
2026-02-01,164.9544548263,Transporte
2026-03-01,163.7834705589,Transporte
2026-04-01,163.5878607439,Transporte
2026-05-01,163.7139062554,Transporte
2026-06-01,164.5339428989,Transporte
2018-01-01,104.600438502,Vivienda y servicios básicos
2018-02-01,104.753637102,Vivienda y servicios básicos
2018-03-01,104.7624969122,Vivienda y servicios básicos
2018-04-01,104.8317998344,Vivienda y servicios básicos
2018-05-01,104.8242670355,Vivienda y servicios básicos
2018-06-01,104.8824358889,Vivienda y servicios básicos
2018-07-01,104.8547078595,Vivienda y servicios básicos
2018-08-01,104.8766334702,Vivienda y servicios básicos
2018-09-01,104.9022660751,Vivienda y servicios básicos
2018-10-01,104.8695900906,Vivienda y servicios básicos
2018-11-01,104.9909506638,Vivienda y servicios básicos
2018-12-01,104.9326397601,Vivienda y servicios básicos
2019-01-01,104.9987156659,Vivienda y servicios básicos
2019-02-01,105.0348685476,Vivienda y servicios básicos
2019-03-01,105.1589309272,Vivienda y servicios básicos
2019-04-01,105.2957293539,Vivienda y servicios básicos
2019-05-01,105.4245115602,Vivienda y servicios básicos
2019-06-01,105.5256195828,Vivienda y servicios básicos
2019-07-01,105.5717538912,Vivienda y servicios básicos
2019-08-01,105.5454384232,Vivienda y servicios básicos
2019-09-01,105.4672059187,Vivienda y servicios básicos
2019-10-01,105.4336701447,Vivienda y servicios básicos
2019-11-01,105.5100800599,Vivienda y servicios básicos
2019-12-01,105.1607448308,Vivienda y servicios básicos
2020-01-01,105.0618784873,Vivienda y servicios básicos
2020-02-01,104.985284821,Vivienda y servicios básicos
2020-03-01,104.9659646241,Vivienda y servicios básicos
2020-04-01,105.0924687295,Vivienda y servicios básicos
2020-05-01,105.3905157408,Vivienda y servicios básicos
2020-06-01,105.1411122683,Vivienda y servicios básicos
2020-07-01,105.1821843949,Vivienda y servicios básicos
2020-08-01,105.1086332767,Vivienda y servicios básicos
2020-09-01,105.0325899736,Vivienda y servicios básicos
2020-10-01,105.0267338704,Vivienda y servicios básicos
2020-11-01,105.1811999362,Vivienda y servicios básicos
2020-12-01,105.2809702758,Vivienda y servicios básicos
2021-01-01,105.3467721571,Vivienda y servicios básicos
2021-02-01,105.3621103623,Vivienda y servicios básicos
2021-03-01,105.4239269973,Vivienda y servicios básicos
2021-04-01,105.376622236,Vivienda y servicios básicos
2021-05-01,105.3911173633,Vivienda y servicios básicos
2021-06-01,105.2970928359,Vivienda y servicios básicos
2021-07-01,105.3207196,Vivienda y servicios básicos
2021-08-01,105.2565504183,Vivienda y servicios básicos
2021-09-01,105.2129355635,Vivienda y servicios básicos
2021-10-01,105.3264650867,Vivienda y servicios básicos
2021-11-01,105.4507321192,Vivienda y servicios básicos
2021-12-01,105.5532930456,Vivienda y servicios básicos
2022-01-01,105.5028453684,Vivienda y servicios básicos
2022-02-01,105.6263823381,Vivienda y servicios básicos
2022-03-01,105.6526813235,Vivienda y servicios básicos
2022-04-01,105.6994006434,Vivienda y servicios básicos
2022-05-01,106.0627716576,Vivienda y servicios básicos
2022-06-01,106.127440607,Vivienda y servicios básicos
2022-07-01,106.181302164,Vivienda y servicios básicos
2022-08-01,106.3466675123,Vivienda y servicios básicos
2022-09-01,106.4587144414,Vivienda y servicios básicos
2022-10-01,106.5476158957,Vivienda y servicios básicos
2022-11-01,106.5983056,Vivienda y servicios básicos
2022-12-01,106.6152132612,Vivienda y servicios básicos
2023-01-01,106.7606826617,Vivienda y servicios básicos
2023-02-01,106.7785619957,Vivienda y servicios básicos
2023-03-01,106.8976375463,Vivienda y servicios básicos
2023-04-01,106.9185390289,Vivienda y servicios básicos
2023-05-01,107.4227184113,Vivienda y servicios básicos
2023-06-01,107.5329308608,Vivienda y servicios básicos
2023-07-01,107.671401,Vivienda y servicios básicos
2023-08-01,107.7379369566,Vivienda y servicios básicos
2023-09-01,107.8115571215,Vivienda y servicios básicos
2023-10-01,108.0445532501,Vivienda y servicios básicos
2023-11-01,108.0849477,Vivienda y servicios básicos
2023-12-01,107.8089453584,Vivienda y servicios básicos
2024-01-01,107.7225843425,Vivienda y servicios básicos
2024-02-01,107.8250914,Vivienda y servicios básicos
2024-03-01,108.0344100829,Vivienda y servicios básicos
2024-04-01,108.0449452768,Vivienda y servicios básicos
2024-05-01,108.5014682229,Vivienda y servicios básicos
2024-06-01,108.6384138073,Vivienda y servicios básicos
2024-07-01,108.875881168,Vivienda y servicios básicos
2024-08-01,109.1363273319,Vivienda y servicios básicos
2024-09-01,109.3278525268,Vivienda y servicios básicos
2024-10-01,109.6445199794,Vivienda y servicios básicos
2024-11-01,110.1569378088,Vivienda y servicios básicos
2024-12-01,110.6478559993,Vivienda y servicios básicos
2025-01-01,111.609139171,Vivienda y servicios básicos
2025-02-01,112.0852475849,Vivienda y servicios básicos
2025-03-01,112.5444793501,Vivienda y servicios básicos
2025-04-01,113.1113490004,Vivienda y servicios básicos
2025-05-01,114.2749417524,Vivienda y servicios básicos
2025-06-01,115.1309110605,Vivienda y servicios básicos
2025-07-01,116.3103655737,Vivienda y servicios básicos
2025-08-01,117.6660420157,Vivienda y servicios básicos
2025-09-01,118.9316353672,Vivienda y servicios básicos
2025-10-01,119.7875718155,Vivienda y servicios básicos
2025-11-01,120.284138239,Vivienda y servicios básicos
2025-12-01,120.9886899582,Vivienda y servicios básicos
2026-01-01,122.1553812723,Vivienda y servicios básicos
2026-02-01,122.7797384245,Vivienda y servicios básicos
2026-03-01,123.2726068889,Vivienda y servicios básicos
2026-04-01,123.5269093364,Vivienda y servicios básicos
2026-05-01,123.6891883237,Vivienda y servicios básicos
2026-06-01,124.0993909591,Vivienda y servicios básicos
2018-01-01,101.1676158287,ÍNDICE GENERAL
2018-02-01,101.4905047625,ÍNDICE GENERAL
2018-03-01,101.3609293777,ÍNDICE GENERAL
2018-04-01,101.2166039712,ÍNDICE GENERAL
2018-05-01,101.3352837144,ÍNDICE GENERAL
2018-06-01,101.4549338051,ÍNDICE GENERAL
2018-07-01,101.4971130225,ÍNDICE GENERAL
2018-08-01,101.6717823647,ÍNDICE GENERAL
2018-09-01,101.5841222589,ÍNDICE GENERAL
2018-10-01,101.7630203151,ÍNDICE GENERAL
2018-11-01,102.0271876513,ÍNDICE GENERAL
2018-12-01,102.3802715508,ÍNDICE GENERAL
2019-01-01,102.611932635,ÍNDICE GENERAL
2019-02-01,102.4555416028,ÍNDICE GENERAL
2019-03-01,102.4380856499,ÍNDICE GENERAL
2019-04-01,102.5816680957,ÍNDICE GENERAL
2019-05-01,103.0489999478,ÍNDICE GENERAL
2019-06-01,103.2098980664,ÍNDICE GENERAL
2019-07-01,103.4439151119,ÍNDICE GENERAL
2019-08-01,103.9627570334,ÍNDICE GENERAL
2019-09-01,103.8780952965,ÍNDICE GENERAL
2019-10-01,104.3453914995,ÍNDICE GENERAL
2019-11-01,105.5086925667,ÍNDICE GENERAL
2019-12-01,103.8842828752,ÍNDICE GENERAL
2020-01-01,103.853437152,ÍNDICE GENERAL
2020-02-01,103.7884570992,ÍNDICE GENERAL
2020-03-01,103.9084672002,ÍNDICE GENERAL
2020-04-01,104.341275313,ÍNDICE GENERAL
2020-05-01,104.3157176546,ÍNDICE GENERAL
2020-06-01,104.693147682,ÍNDICE GENERAL
2020-07-01,104.836411163,ÍNDICE GENERAL
2020-08-01,105.4062357263,ÍNDICE GENERAL
2020-09-01,104.3524559941,ÍNDICE GENERAL
2020-10-01,104.6330769703,ÍNDICE GENERAL
2020-11-01,104.3521594822,ÍNDICE GENERAL
2020-12-01,104.5807979129,ÍNDICE GENERAL
2021-01-01,105.0705436217,ÍNDICE GENERAL
2021-02-01,105.2407868792,ÍNDICE GENERAL
2021-03-01,105.115719769,ÍNDICE GENERAL
2021-04-01,105.0484912279,ÍNDICE GENERAL
2021-05-01,104.8753807081,ÍNDICE GENERAL
2021-06-01,104.8890668935,ÍNDICE GENERAL
2021-07-01,105.0450102,ÍNDICE GENERAL
2021-08-01,105.5928891968,ÍNDICE GENERAL
2021-09-01,105.3861152076,ÍNDICE GENERAL
2021-10-01,105.1485213624,ÍNDICE GENERAL
2021-11-01,105.3525568253,ÍNDICE GENERAL
2021-12-01,105.5230190914,ÍNDICE GENERAL
2022-01-01,105.8484626507,ÍNDICE GENERAL
2022-02-01,105.9791002404,ÍNDICE GENERAL
2022-03-01,105.9293158215,ÍNDICE GENERAL
2022-04-01,105.9586065186,ÍNDICE GENERAL
2022-05-01,106.3587891027,ÍNDICE GENERAL
2022-06-01,106.7688421803,ÍNDICE GENERAL
2022-07-01,107.1867262447,ÍNDICE GENERAL
2022-08-01,107.2272962315,ÍNDICE GENERAL
2022-09-01,107.3822219854,ÍNDICE GENERAL
2022-10-01,108.1841426067,ÍNDICE GENERAL
2022-11-01,108.6929345,ÍNDICE GENERAL
2022-12-01,108.8183638985,ÍNDICE GENERAL
2023-01-01,109.1769300283,ÍNDICE GENERAL
2023-02-01,108.6978542631,ÍNDICE GENERAL
2023-03-01,108.6146018048,ÍNDICE GENERAL
2023-04-01,108.814653807,ÍNDICE GENERAL
2023-05-01,109.4397851125,ÍNDICE GENERAL
2023-06-01,109.6785939521,ÍNDICE GENERAL
2023-07-01,110.0817023,ÍNDICE GENERAL
2023-08-01,110.5068387692,ÍNDICE GENERAL
2023-09-01,110.4402808648,ÍNDICE GENERAL
2023-10-01,110.4294305341,ÍNDICE GENERAL
2023-11-01,110.425657,ÍNDICE GENERAL
2023-12-01,111.1234908771,ÍNDICE GENERAL
2024-01-01,111.211057339,ÍNDICE GENERAL
2024-02-01,111.4333483,ÍNDICE GENERAL
2024-03-01,111.9415594867,ÍNDICE GENERAL
2024-04-01,112.5796609356,ÍNDICE GENERAL
2024-05-01,113.2887760178,ÍNDICE GENERAL
2024-06-01,113.8950297207,ÍNDICE GENERAL
2024-07-01,114.4340097621,ÍNDICE GENERAL
2024-08-01,116.2453141249,ÍNDICE GENERAL
2024-09-01,117.2677729503,ÍNDICE GENERAL
2024-10-01,119.1963834221,ÍNDICE GENERAL
2024-11-01,120.9228200185,ÍNDICE GENERAL
2024-12-01,122.2067817654,ÍNDICE GENERAL
2025-01-01,124.5946035939,ÍNDICE GENERAL
2025-02-01,126.1682781397,ÍNDICE GENERAL
2025-03-01,128.3229906062,ÍNDICE GENERAL
2025-04-01,129.4723145346,ÍNDICE GENERAL
2025-05-01,134.1979678085,ÍNDICE GENERAL
2025-06-01,141.1856738876,ÍNDICE GENERAL
2025-07-01,142.8784655293,ÍNDICE GENERAL
2025-08-01,144.317850196,ÍNDICE GENERAL
2025-09-01,144.6087707379,ÍNDICE GENERAL
2025-10-01,145.6966617596,ÍNDICE GENERAL
2025-11-01,146.2737922415,ÍNDICE GENERAL
2025-12-01,147.1364641781,ÍNDICE GENERAL
2026-01-01,149.0611704407,ÍNDICE GENERAL
2026-02-01,148.1374102915,ÍNDICE GENERAL
2026-03-01,147.634733725,ÍNDICE GENERAL
2026-04-01,147.835077361,ÍNDICE GENERAL
2026-05-01,150.984104813,ÍNDICE GENERAL
2026-06-01,154.2239063416,ÍNDICE GENERAL
